Filename,   Annotation tag,  Upper left corner Y, Upper left corner X, Lower right corner Y,   Lower right corner X,    Occluded,    Origin file, Origin frame number
2019_01_28_09_31_10.jpg,archerfish,513,312,587,353,1,2019_01_28_09_31.avi,10
2019_01_28_09_31_20.jpg,archerfish,513,312,587,353,1,2019_01_28_09_31.avi,20
2019_01_28_09_31_30.jpg,archerfish,513,312,587,353,1,2019_01_28_09_31.avi,30
2019_01_28_09_31_40.jpg,archerfish,513,312,587,353,1,2019_01_28_09_31.avi,40
2019_01_28_09_31_50.jpg,archerfish,513,312,587,353,1,2019_01_28_09_31.avi,50
2019_01_28_09_31_60.jpg,archerfish,513,312,587,353,1,2019_01_28_09_31.avi,60
2019_01_28_09_31_70.jpg,archerfish,513,312,587,353,1,2019_01_28_09_31.avi,70
2019_01_28_09_31_80.jpg,archerfish,513,312,587,353,1,2019_01_28_09_31.avi,80
2019_01_28_09_31_90.jpg,archerfish,513,312,587,353,1,2019_01_28_09_31.avi,90
2019_01_28_09_31_100.jpg,archerfish,513,312,587,353,1,2019_01_28_09_31.avi,100
2019_01_28_09_31_110.jpg,archerfish,513,312,587,353,1,2019_01_28_09_31.avi,110
2019_01_28_09_31_120.jpg,archerfish,513,312,587,353,1,2019_01_28_09_31.avi,120
2019_01_28_09_31_130.jpg,archerfish,513,312,587,353,1,2019_01_28_09_31.avi,130
2019_01_28_09_31_140.jpg,archerfish,513,312,587,353,1,2019_01_28_09_31.avi,140
2019_01_28_09_31_150.jpg,archerfish,513,312,587,353,1,2019_01_28_09_31.avi,150
2019_01_28_09_31_160.jpg,archerfish,513,312,587,353,1,2019_01_28_09_31.avi,160
2019_01_28_09_31_170.jpg,archerfish,513,312,587,353,1,2019_01_28_09_31.avi,170
2019_01_28_09_31_180.jpg,archerfish,513,312,587,353,1,2019_01_28_09_31.avi,180
2019_01_28_09_31_190.jpg,archerfish,513,312,587,353,1,2019_01_28_09_31.avi,190
2019_01_28_09_31_200.jpg,archerfish,513,312,587,353,1,2019_01_28_09_31.avi,200
2019_01_28_09_31_210.jpg,archerfish,513,312,587,353,1,2019_01_28_09_31.avi,210
2019_01_28_09_31_220.jpg,archerfish,513,312,587,353,1,2019_01_28_09_31.avi,220
2019_01_28_09_31_230.jpg,archerfish,513,312,587,353,1,2019_01_28_09_31.avi,230
2019_01_28_09_31_240.jpg,archerfish,513,312,587,353,1,2019_01_28_09_31.avi,240
2019_01_28_09_31_250.jpg,archerfish,513,312,587,353,1,2019_01_28_09_31.avi,250
2019_01_28_09_31_260.jpg,archerfish,513,312,587,353,1,2019_01_28_09_31.avi,260
2019_01_28_09_31_270.jpg,archerfish,513,312,587,353,1,2019_01_28_09_31.avi,270
2019_01_28_09_31_280.jpg,archerfish,513,312,587,353,1,2019_01_28_09_31.avi,280
2019_01_28_09_31_290.jpg,archerfish,513,312,587,353,1,2019_01_28_09_31.avi,290
2019_01_28_09_31_300.jpg,archerfish,513,312,587,353,1,2019_01_28_09_31.avi,300
2019_01_28_09_31_310.jpg,archerfish,513,312,587,353,1,2019_01_28_09_31.avi,310
2019_01_28_09_31_320.jpg,archerfish,513,312,587,353,1,2019_01_28_09_31.avi,320
2019_01_28_09_31_330.jpg,archerfish,513,312,587,353,1,2019_01_28_09_31.avi,330
2019_01_28_09_31_340.jpg,archerfish,513,312,587,353,1,2019_01_28_09_31.avi,340
2019_01_28_09_31_350.jpg,archerfish,513,312,587,353,1,2019_01_28_09_31.avi,350
2019_01_28_09_31_360.jpg,archerfish,513,312,587,353,1,2019_01_28_09_31.avi,360
2019_01_28_09_31_370.jpg,archerfish,513,312,587,353,1,2019_01_28_09_31.avi,370
2019_01_28_09_31_380.jpg,archerfish,513,312,587,353,1,2019_01_28_09_31.avi,380
2019_01_28_09_31_390.jpg,archerfish,513,312,587,353,1,2019_01_28_09_31.avi,390
2019_01_28_09_31_400.jpg,archerfish,513,312,587,353,1,2019_01_28_09_31.avi,400
2019_01_28_09_31_410.jpg,archerfish,551,266,597,313,0,2019_01_28_09_31.avi,410
2019_01_28_09_31_420.jpg,archerfish,532,263,604,309,0,2019_01_28_09_31.avi,420
2019_01_28_09_31_430.jpg,archerfish,527,267,599,313,0,2019_01_28_09_31.avi,430
2019_01_28_09_31_440.jpg,archerfish,524,271,596,317,0,2019_01_28_09_31.avi,440
2019_01_28_09_31_450.jpg,archerfish,524,271,596,317,0,2019_01_28_09_31.avi,450
2019_01_28_09_31_460.jpg,archerfish,532,281,604,327,0,2019_01_28_09_31.avi,460
2019_01_28_09_31_470.jpg,archerfish,532,281,604,327,1,2019_01_28_09_31.avi,470
2019_01_28_09_31_480.jpg,archerfish,532,281,604,327,1,2019_01_28_09_31.avi,480
2019_01_28_09_31_490.jpg,archerfish,532,281,604,327,1,2019_01_28_09_31.avi,490
2019_01_28_09_31_500.jpg,archerfish,532,281,604,327,1,2019_01_28_09_31.avi,500
2019_01_28_09_31_510.jpg,archerfish,532,281,604,327,1,2019_01_28_09_31.avi,510
2019_01_28_09_31_520.jpg,archerfish,532,281,604,327,1,2019_01_28_09_31.avi,520
2019_01_28_09_31_530.jpg,archerfish,407,252,479,298,0,2019_01_28_09_31.avi,530
2019_01_28_09_31_540.jpg,archerfish,378,253,450,299,0,2019_01_28_09_31.avi,540
2019_01_28_09_31_550.jpg,archerfish,356,253,428,299,0,2019_01_28_09_31.avi,550
2019_01_28_09_31_560.jpg,archerfish,342,253,414,299,0,2019_01_28_09_31.avi,560
2019_01_28_09_31_570.jpg,archerfish,332,254,404,300,1,2019_01_28_09_31.avi,570
2019_01_28_09_31_580.jpg,archerfish,332,254,404,300,1,2019_01_28_09_31.avi,580
2019_01_28_09_31_590.jpg,archerfish,332,254,404,300,1,2019_01_28_09_31.avi,590
2019_01_28_09_31_600.jpg,archerfish,332,254,404,300,1,2019_01_28_09_31.avi,600
2019_01_28_09_31_610.jpg,archerfish,332,254,404,300,1,2019_01_28_09_31.avi,610
2019_01_28_09_31_620.jpg,archerfish,332,254,404,300,1,2019_01_28_09_31.avi,620
2019_01_28_09_31_630.jpg,archerfish,332,254,404,300,1,2019_01_28_09_31.avi,630
2019_01_28_09_31_640.jpg,archerfish,332,254,404,300,1,2019_01_28_09_31.avi,640
2019_01_28_09_31_650.jpg,archerfish,222,227,294,273,0,2019_01_28_09_31.avi,650
2019_01_28_09_31_660.jpg,archerfish,210,221,282,267,0,2019_01_28_09_31.avi,660
2019_01_28_09_31_670.jpg,archerfish,198,204,270,250,0,2019_01_28_09_31.avi,670
2019_01_28_09_31_680.jpg,archerfish,191,192,263,238,0,2019_01_28_09_31.avi,680
2019_01_28_09_31_690.jpg,archerfish,189,179,261,225,0,2019_01_28_09_31.avi,690
2019_01_28_09_31_700.jpg,archerfish,189,174,261,220,0,2019_01_28_09_31.avi,700
2019_01_28_09_31_710.jpg,archerfish,178,168,272,236,0,2019_01_28_09_31.avi,710
2019_01_28_09_31_720.jpg,archerfish,176,163,270,231,0,2019_01_28_09_31.avi,720
2019_01_28_09_31_730.jpg,archerfish,187,163,281,231,0,2019_01_28_09_31.avi,730
2019_01_28_09_31_740.jpg,archerfish,193,160,287,228,0,2019_01_28_09_31.avi,740
2019_01_28_09_31_750.jpg,archerfish,198,161,292,229,0,2019_01_28_09_31.avi,750
2019_01_28_09_31_760.jpg,archerfish,198,162,292,230,0,2019_01_28_09_31.avi,760
2019_01_28_09_31_770.jpg,archerfish,200,158,294,226,0,2019_01_28_09_31.avi,770
2019_01_28_09_31_780.jpg,archerfish,200,158,294,226,0,2019_01_28_09_31.avi,780
2019_01_28_09_31_790.jpg,archerfish,207,163,301,231,0,2019_01_28_09_31.avi,790
2019_01_28_09_31_800.jpg,archerfish,215,166,309,234,0,2019_01_28_09_31.avi,800
2019_01_28_09_31_810.jpg,archerfish,215,170,296,225,0,2019_01_28_09_31.avi,810
2019_01_28_09_31_820.jpg,archerfish,191,165,271,219,0,2019_01_28_09_31.avi,820
2019_01_28_09_31_830.jpg,archerfish,169,163,249,217,0,2019_01_28_09_31.avi,830
2019_01_28_09_31_840.jpg,archerfish,150,155,230,209,0,2019_01_28_09_31.avi,840
2019_01_28_09_31_850.jpg,archerfish,150,163,230,217,0,2019_01_28_09_31.avi,850
2019_01_28_09_31_860.jpg,archerfish,138,167,218,221,0,2019_01_28_09_31.avi,860
2019_01_28_09_31_870.jpg,archerfish,130,167,210,221,0,2019_01_28_09_31.avi,870
2019_01_28_09_31_880.jpg,archerfish,120,163,200,217,0,2019_01_28_09_31.avi,880
2019_01_28_09_31_890.jpg,archerfish,95,150,175,204,0,2019_01_28_09_31.avi,890
2019_01_28_09_31_900.jpg,archerfish,79,151,159,205,0,2019_01_28_09_31.avi,900
2019_01_28_09_31_910.jpg,archerfish,81,154,161,208,0,2019_01_28_09_31.avi,910
2019_01_28_09_31_920.jpg,archerfish,102,157,182,211,0,2019_01_28_09_31.avi,920
2019_01_28_09_31_930.jpg,archerfish,108,164,188,218,0,2019_01_28_09_31.avi,930
2019_01_28_09_31_940.jpg,archerfish,109,167,189,221,0,2019_01_28_09_31.avi,940
2019_01_28_09_31_950.jpg,archerfish,107,160,187,214,0,2019_01_28_09_31.avi,950
2019_01_28_09_31_960.jpg,archerfish,76,149,156,203,0,2019_01_28_09_31.avi,960
2019_01_28_09_31_970.jpg,archerfish,66,155,146,209,0,2019_01_28_09_31.avi,970
2019_01_28_09_31_980.jpg,archerfish,59,163,139,217,0,2019_01_28_09_31.avi,980
2019_01_28_09_31_990.jpg,archerfish,65,168,145,222,0,2019_01_28_09_31.avi,990
2019_01_28_09_31_1000.jpg,archerfish,57,175,137,229,0,2019_01_28_09_31.avi,1000
2019_01_28_09_31_1010.jpg,archerfish,59,175,139,229,0,2019_01_28_09_31.avi,1010
2019_01_28_09_31_1020.jpg,archerfish,60,160,140,214,0,2019_01_28_09_31.avi,1020
2019_01_28_09_31_1030.jpg,archerfish,71,149,151,203,0,2019_01_28_09_31.avi,1030
2019_01_28_09_31_1040.jpg,archerfish,71,156,151,210,0,2019_01_28_09_31.avi,1040
2019_01_28_09_31_1050.jpg,archerfish,79,165,159,219,0,2019_01_28_09_31.avi,1050
2019_01_28_09_31_1060.jpg,archerfish,83,165,163,219,0,2019_01_28_09_31.avi,1060
2019_01_28_09_31_1070.jpg,archerfish,96,164,176,218,0,2019_01_28_09_31.avi,1070
2019_01_28_09_31_1080.jpg,archerfish,100,170,180,224,0,2019_01_28_09_31.avi,1080
2019_01_28_09_31_1090.jpg,archerfish,107,170,187,224,0,2019_01_28_09_31.avi,1090
2019_01_28_09_31_1100.jpg,archerfish,118,164,198,218,0,2019_01_28_09_31.avi,1100
2019_01_28_09_31_1110.jpg,archerfish,132,157,212,211,0,2019_01_28_09_31.avi,1110
2019_01_28_09_31_1120.jpg,archerfish,142,158,222,212,0,2019_01_28_09_31.avi,1120
2019_01_28_09_31_1130.jpg,archerfish,137,162,217,216,0,2019_01_28_09_31.avi,1130
2019_01_28_09_31_1140.jpg,archerfish,359,289,439,343,0,2019_01_28_09_31.avi,1140
2019_01_28_09_31_1150.jpg,archerfish,359,289,439,343,0,2019_01_28_09_31.avi,1150
2019_01_28_09_31_1160.jpg,archerfish,359,289,439,343,0,2019_01_28_09_31.avi,1160
2019_01_28_09_31_1170.jpg,archerfish,359,289,439,343,0,2019_01_28_09_31.avi,1170
2019_01_28_09_31_1180.jpg,archerfish,359,289,439,343,0,2019_01_28_09_31.avi,1180
2019_01_28_09_31_1190.jpg,archerfish,360,286,440,340,0,2019_01_28_09_31.avi,1190
2019_01_28_09_31_1200.jpg,archerfish,360,283,440,337,0,2019_01_28_09_31.avi,1200
2019_01_28_09_31_1210.jpg,archerfish,356,283,436,337,0,2019_01_28_09_31.avi,1210
2019_01_28_09_31_1220.jpg,archerfish,357,286,437,340,0,2019_01_28_09_31.avi,1220
2019_01_28_09_31_1230.jpg,archerfish,357,285,437,339,0,2019_01_28_09_31.avi,1230
2019_01_28_09_31_1240.jpg,archerfish,357,285,437,339,0,2019_01_28_09_31.avi,1240
2019_01_28_09_31_1250.jpg,archerfish,357,285,437,339,0,2019_01_28_09_31.avi,1250
2019_01_28_09_31_1260.jpg,archerfish,357,282,437,336,0,2019_01_28_09_31.avi,1260
2019_01_28_09_31_1270.jpg,archerfish,359,273,439,327,0,2019_01_28_09_31.avi,1270
2019_01_28_09_31_1280.jpg,archerfish,359,262,439,316,0,2019_01_28_09_31.avi,1280
2019_01_28_09_31_1290.jpg,archerfish,361,256,441,310,0,2019_01_28_09_31.avi,1290
2019_01_28_09_31_1300.jpg,archerfish,361,255,441,309,0,2019_01_28_09_31.avi,1300
2019_01_28_09_31_1310.jpg,archerfish,361,255,441,309,0,2019_01_28_09_31.avi,1310
2019_01_28_09_31_1320.jpg,archerfish,361,251,441,305,0,2019_01_28_09_31.avi,1320
2019_01_28_09_31_1330.jpg,archerfish,360,253,440,307,0,2019_01_28_09_31.avi,1330
2019_01_28_09_31_1340.jpg,archerfish,363,255,443,309,0,2019_01_28_09_31.avi,1340
2019_01_28_09_31_1350.jpg,archerfish,363,259,443,313,0,2019_01_28_09_31.avi,1350
2019_01_28_09_31_1360.jpg,archerfish,367,262,447,316,0,2019_01_28_09_31.avi,1360
2019_01_28_09_31_1370.jpg,archerfish,371,269,451,323,0,2019_01_28_09_31.avi,1370
2019_01_28_09_31_1380.jpg,archerfish,376,270,456,324,0,2019_01_28_09_31.avi,1380
2019_01_28_09_31_1390.jpg,archerfish,384,259,464,313,0,2019_01_28_09_31.avi,1390
2019_01_28_09_31_1400.jpg,archerfish,378,224,458,278,0,2019_01_28_09_31.avi,1400
2019_01_28_09_31_1410.jpg,archerfish,383,193,463,247,0,2019_01_28_09_31.avi,1410
2019_01_28_09_31_1420.jpg,archerfish,390,174,470,228,0,2019_01_28_09_31.avi,1420
2019_01_28_09_31_1430.jpg,archerfish,401,160,481,214,0,2019_01_28_09_31.avi,1430
2019_01_28_09_31_1440.jpg,archerfish,410,149,490,203,0,2019_01_28_09_31.avi,1440
2019_01_28_09_31_1450.jpg,archerfish,419,145,499,199,0,2019_01_28_09_31.avi,1450
2019_01_28_09_31_1460.jpg,archerfish,429,144,509,198,0,2019_01_28_09_31.avi,1460
2019_01_28_09_31_1470.jpg,archerfish,440,144,520,198,0,2019_01_28_09_31.avi,1470
2019_01_28_09_31_1480.jpg,archerfish,453,146,533,200,0,2019_01_28_09_31.avi,1480
2019_01_28_09_31_1490.jpg,archerfish,462,149,542,203,0,2019_01_28_09_31.avi,1490
2019_01_28_09_31_1500.jpg,archerfish,467,154,547,208,0,2019_01_28_09_31.avi,1500
2019_01_28_09_31_1510.jpg,archerfish,473,157,553,211,0,2019_01_28_09_31.avi,1510
2019_01_28_09_31_1520.jpg,archerfish,480,161,560,215,0,2019_01_28_09_31.avi,1520
2019_01_28_09_31_1530.jpg,archerfish,483,166,563,220,0,2019_01_28_09_31.avi,1530
2019_01_28_09_31_1540.jpg,archerfish,488,168,568,222,0,2019_01_28_09_31.avi,1540
2019_01_28_09_31_1550.jpg,archerfish,492,171,572,225,0,2019_01_28_09_31.avi,1550
2019_01_28_09_31_1560.jpg,archerfish,497,171,577,225,0,2019_01_28_09_31.avi,1560
2019_01_28_09_31_1570.jpg,archerfish,496,169,576,223,0,2019_01_28_09_31.avi,1570
2019_01_28_09_31_1580.jpg,archerfish,496,169,576,223,0,2019_01_28_09_31.avi,1580
2019_01_28_09_31_1590.jpg,archerfish,496,169,576,223,0,2019_01_28_09_31.avi,1590
2019_01_28_09_31_1600.jpg,archerfish,474,164,554,218,0,2019_01_28_09_31.avi,1600
2019_01_28_09_31_1610.jpg,archerfish,447,163,527,217,0,2019_01_28_09_31.avi,1610
2019_01_28_09_31_1620.jpg,archerfish,425,156,505,210,0,2019_01_28_09_31.avi,1620
2019_01_28_09_31_1630.jpg,archerfish,415,153,495,207,0,2019_01_28_09_31.avi,1630
2019_01_28_09_31_1640.jpg,archerfish,400,151,480,205,0,2019_01_28_09_31.avi,1640
2019_01_28_09_31_1650.jpg,archerfish,394,151,474,205,0,2019_01_28_09_31.avi,1650
2019_01_28_09_31_1660.jpg,archerfish,394,149,474,203,0,2019_01_28_09_31.avi,1660
2019_01_28_09_31_1670.jpg,archerfish,398,154,478,208,0,2019_01_28_09_31.avi,1670
2019_01_28_09_31_1680.jpg,archerfish,403,149,483,203,0,2019_01_28_09_31.avi,1680
2019_01_28_09_31_1690.jpg,archerfish,411,153,491,207,0,2019_01_28_09_31.avi,1690
2019_01_28_09_31_1700.jpg,archerfish,423,147,503,201,0,2019_01_28_09_31.avi,1700
2019_01_28_09_31_1710.jpg,archerfish,433,149,513,203,0,2019_01_28_09_31.avi,1710
2019_01_28_09_31_1720.jpg,archerfish,441,147,521,201,0,2019_01_28_09_31.avi,1720
2019_01_28_09_31_1730.jpg,archerfish,449,151,529,205,0,2019_01_28_09_31.avi,1730
2019_01_28_09_31_1740.jpg,archerfish,458,144,538,198,0,2019_01_28_09_31.avi,1740
2019_01_28_09_31_1750.jpg,archerfish,338,275,418,329,0,2019_01_28_09_31.avi,1750
2019_01_28_09_31_1760.jpg,archerfish,338,281,418,335,0,2019_01_28_09_31.avi,1760
2019_01_28_09_31_1770.jpg,archerfish,338,281,418,335,0,2019_01_28_09_31.avi,1770
2019_01_28_09_31_1780.jpg,archerfish,338,281,418,335,0,2019_01_28_09_31.avi,1780
2019_01_28_09_31_1790.jpg,archerfish,338,281,418,335,0,2019_01_28_09_31.avi,1790
2019_01_28_09_31_1800.jpg,archerfish,347,285,427,339,0,2019_01_28_09_31.avi,1800
2019_01_28_09_31_1810.jpg,archerfish,347,285,427,339,0,2019_01_28_09_31.avi,1810
2019_01_28_09_31_1820.jpg,archerfish,356,287,436,341,0,2019_01_28_09_31.avi,1820
2019_01_28_09_31_1830.jpg,archerfish,362,287,442,341,0,2019_01_28_09_31.avi,1830
2019_01_28_09_31_1840.jpg,archerfish,376,288,456,342,0,2019_01_28_09_31.avi,1840
2019_01_28_09_31_1850.jpg,archerfish,387,289,467,343,0,2019_01_28_09_31.avi,1850
2019_01_28_09_31_1860.jpg,archerfish,397,289,477,343,0,2019_01_28_09_31.avi,1860
2019_01_28_09_31_1870.jpg,archerfish,407,289,487,343,0,2019_01_28_09_31.avi,1870
2019_01_28_09_31_1880.jpg,archerfish,415,286,495,340,0,2019_01_28_09_31.avi,1880
2019_01_28_09_31_1890.jpg,archerfish,415,286,495,340,0,2019_01_28_09_31.avi,1890
2019_01_28_09_31_1900.jpg,archerfish,421,283,501,337,0,2019_01_28_09_31.avi,1900
2019_01_28_09_31_1910.jpg,archerfish,425,282,505,336,0,2019_01_28_09_31.avi,1910
2019_01_28_09_31_1920.jpg,archerfish,426,282,506,336,0,2019_01_28_09_31.avi,1920
2019_01_28_09_31_1930.jpg,archerfish,431,282,511,336,0,2019_01_28_09_31.avi,1930
2019_01_28_09_31_1940.jpg,archerfish,427,286,507,340,0,2019_01_28_09_31.avi,1940
2019_01_28_09_31_1950.jpg,archerfish,428,286,508,340,0,2019_01_28_09_31.avi,1950
2019_01_28_09_31_1960.jpg,archerfish,435,289,515,343,0,2019_01_28_09_31.avi,1960
2019_01_28_09_31_1970.jpg,archerfish,430,289,510,343,0,2019_01_28_09_31.avi,1970
2019_01_28_09_31_1980.jpg,archerfish,428,286,508,340,0,2019_01_28_09_31.avi,1980
2019_01_28_09_31_1990.jpg,archerfish,428,281,508,335,0,2019_01_28_09_31.avi,1990
2019_01_28_09_31_2000.jpg,archerfish,440,261,520,315,0,2019_01_28_09_31.avi,2000
2019_01_28_09_31_2010.jpg,archerfish,448,233,528,287,0,2019_01_28_09_31.avi,2010
2019_01_28_09_31_2020.jpg,archerfish,458,211,538,265,0,2019_01_28_09_31.avi,2020
2019_01_28_09_31_2030.jpg,archerfish,461,202,541,256,0,2019_01_28_09_31.avi,2030
2019_01_28_09_31_2040.jpg,archerfish,459,196,539,250,0,2019_01_28_09_31.avi,2040
2019_01_28_09_31_2050.jpg,archerfish,447,189,527,243,0,2019_01_28_09_31.avi,2050
2019_01_28_09_31_2060.jpg,archerfish,442,181,522,235,0,2019_01_28_09_31.avi,2060
2019_01_28_09_31_2070.jpg,archerfish,442,176,522,230,0,2019_01_28_09_31.avi,2070
2019_01_28_09_31_2080.jpg,archerfish,435,173,515,227,0,2019_01_28_09_31.avi,2080
2019_01_28_09_31_2090.jpg,archerfish,429,168,509,222,0,2019_01_28_09_31.avi,2090
2019_01_28_09_31_2100.jpg,archerfish,429,168,509,222,0,2019_01_28_09_31.avi,2100
2019_01_28_09_31_2110.jpg,archerfish,432,166,512,220,0,2019_01_28_09_31.avi,2110
2019_01_28_09_31_2120.jpg,archerfish,442,168,522,222,0,2019_01_28_09_31.avi,2120
2019_01_28_09_31_2130.jpg,archerfish,454,172,534,226,0,2019_01_28_09_31.avi,2130
2019_01_28_09_31_2140.jpg,archerfish,459,177,539,231,0,2019_01_28_09_31.avi,2140
2019_01_28_09_31_2150.jpg,archerfish,464,177,544,231,0,2019_01_28_09_31.avi,2150
2019_01_28_09_31_2160.jpg,archerfish,474,178,554,232,0,2019_01_28_09_31.avi,2160
2019_01_28_09_31_2170.jpg,archerfish,488,170,568,224,0,2019_01_28_09_31.avi,2170
2019_01_28_09_31_2180.jpg,archerfish,493,176,573,230,0,2019_01_28_09_31.avi,2180
2019_01_28_09_31_2190.jpg,archerfish,490,182,570,236,0,2019_01_28_09_31.avi,2190
2019_01_28_09_31_2200.jpg,archerfish,479,185,559,239,0,2019_01_28_09_31.avi,2200
2019_01_28_09_31_2210.jpg,archerfish,479,184,559,238,0,2019_01_28_09_31.avi,2210
2019_01_28_09_31_2220.jpg,archerfish,483,181,563,235,0,2019_01_28_09_31.avi,2220
2019_01_28_09_31_2230.jpg,archerfish,503,174,583,228,0,2019_01_28_09_31.avi,2230
2019_01_28_09_31_2240.jpg,archerfish,505,177,585,231,0,2019_01_28_09_31.avi,2240
2019_01_28_09_31_2250.jpg,archerfish,500,181,580,235,0,2019_01_28_09_31.avi,2250
2019_01_28_09_31_2260.jpg,archerfish,499,181,579,235,0,2019_01_28_09_31.avi,2260
2019_01_28_09_31_2270.jpg,archerfish,497,181,577,235,0,2019_01_28_09_31.avi,2270
2019_01_28_09_31_2280.jpg,archerfish,489,181,569,235,0,2019_01_28_09_31.avi,2280
2019_01_28_09_31_2290.jpg,archerfish,484,182,564,236,0,2019_01_28_09_31.avi,2290
2019_01_28_09_31_2300.jpg,archerfish,479,182,559,236,0,2019_01_28_09_31.avi,2300
2019_01_28_09_31_2310.jpg,archerfish,475,183,555,237,0,2019_01_28_09_31.avi,2310
2019_01_28_09_31_2320.jpg,archerfish,470,183,550,237,0,2019_01_28_09_31.avi,2320
2019_01_28_09_31_2330.jpg,archerfish,469,183,549,237,0,2019_01_28_09_31.avi,2330
2019_01_28_09_31_2340.jpg,archerfish,468,182,548,236,0,2019_01_28_09_31.avi,2340
2019_01_28_09_31_2350.jpg,archerfish,481,177,561,231,0,2019_01_28_09_31.avi,2350
2019_01_28_09_31_2360.jpg,archerfish,321,263,401,317,0,2019_01_28_09_31.avi,2360
2019_01_28_09_31_2370.jpg,archerfish,326,262,406,316,0,2019_01_28_09_31.avi,2370
2019_01_28_09_31_2380.jpg,archerfish,326,265,406,319,0,2019_01_28_09_31.avi,2380
2019_01_28_09_31_2390.jpg,archerfish,326,265,406,319,0,2019_01_28_09_31.avi,2390
2019_01_28_09_31_2400.jpg,archerfish,335,267,415,321,0,2019_01_28_09_31.avi,2400
2019_01_28_09_31_2410.jpg,archerfish,340,267,420,321,0,2019_01_28_09_31.avi,2410
2019_01_28_09_31_2420.jpg,archerfish,344,268,424,322,0,2019_01_28_09_31.avi,2420
2019_01_28_09_31_2430.jpg,archerfish,347,268,427,322,0,2019_01_28_09_31.avi,2430
2019_01_28_09_31_2440.jpg,archerfish,356,268,436,322,0,2019_01_28_09_31.avi,2440
2019_01_28_09_31_2450.jpg,archerfish,365,275,445,329,0,2019_01_28_09_31.avi,2450
2019_01_28_09_31_2460.jpg,archerfish,365,275,445,329,0,2019_01_28_09_31.avi,2460
2019_01_28_09_31_2470.jpg,archerfish,377,266,457,320,0,2019_01_28_09_31.avi,2470
2019_01_28_09_31_2480.jpg,archerfish,392,214,472,268,1,2019_01_28_09_31.avi,2480
2019_01_28_09_31_2490.jpg,archerfish,387,192,467,246,0,2019_01_28_09_31.avi,2490
2019_01_28_09_31_2500.jpg,archerfish,383,181,463,235,0,2019_01_28_09_31.avi,2500
2019_01_28_09_31_2510.jpg,archerfish,383,175,463,229,0,2019_01_28_09_31.avi,2510
2019_01_28_09_31_2520.jpg,archerfish,380,167,460,221,0,2019_01_28_09_31.avi,2520
2019_01_28_09_31_2530.jpg,archerfish,376,164,456,218,0,2019_01_28_09_31.avi,2530
2019_01_28_09_31_2540.jpg,archerfish,376,161,456,215,0,2019_01_28_09_31.avi,2540
2019_01_28_09_31_2550.jpg,archerfish,376,161,456,215,0,2019_01_28_09_31.avi,2550
2019_01_28_09_31_2560.jpg,archerfish,381,161,461,215,0,2019_01_28_09_31.avi,2560
2019_01_28_09_31_2570.jpg,archerfish,384,158,464,212,0,2019_01_28_09_31.avi,2570
2019_01_28_09_31_2580.jpg,archerfish,386,158,466,212,0,2019_01_28_09_31.avi,2580
2019_01_28_09_31_2590.jpg,archerfish,395,153,475,207,0,2019_01_28_09_31.avi,2590
2019_01_28_09_31_2600.jpg,archerfish,401,153,481,207,0,2019_01_28_09_31.avi,2600
2019_01_28_09_31_2610.jpg,archerfish,408,153,488,207,0,2019_01_28_09_31.avi,2610
2019_01_28_09_31_2620.jpg,archerfish,423,153,503,207,0,2019_01_28_09_31.avi,2620
2019_01_28_09_31_2630.jpg,archerfish,449,156,529,210,0,2019_01_28_09_31.avi,2630
2019_01_28_09_31_2640.jpg,archerfish,478,164,558,218,0,2019_01_28_09_31.avi,2640
2019_01_28_09_31_2650.jpg,archerfish,501,172,581,226,0,2019_01_28_09_31.avi,2650
2019_01_28_09_31_2660.jpg,archerfish,513,176,593,230,0,2019_01_28_09_31.avi,2660
2019_01_28_09_31_2670.jpg,archerfish,513,177,593,231,0,2019_01_28_09_31.avi,2670
2019_01_28_09_31_2680.jpg,archerfish,513,177,593,231,0,2019_01_28_09_31.avi,2680
2019_01_28_09_31_2690.jpg,archerfish,513,180,593,234,0,2019_01_28_09_31.avi,2690
2019_01_28_09_31_2700.jpg,archerfish,510,182,590,236,0,2019_01_28_09_31.avi,2700
2019_01_28_09_31_2710.jpg,archerfish,508,183,588,237,0,2019_01_28_09_31.avi,2710
2019_01_28_09_31_2720.jpg,archerfish,505,183,585,237,0,2019_01_28_09_31.avi,2720
2019_01_28_09_31_2730.jpg,archerfish,505,183,585,237,0,2019_01_28_09_31.avi,2730
2019_01_28_09_31_2740.jpg,archerfish,504,183,584,237,0,2019_01_28_09_31.avi,2740
2019_01_28_09_31_2750.jpg,archerfish,502,183,582,237,0,2019_01_28_09_31.avi,2750
2019_01_28_09_31_2760.jpg,archerfish,502,183,582,237,0,2019_01_28_09_31.avi,2760
2019_01_28_09_31_2770.jpg,archerfish,494,182,574,236,0,2019_01_28_09_31.avi,2770
2019_01_28_09_31_2780.jpg,archerfish,488,177,568,231,0,2019_01_28_09_31.avi,2780
2019_01_28_09_31_2790.jpg,archerfish,488,175,568,229,0,2019_01_28_09_31.avi,2790
2019_01_28_09_31_2800.jpg,archerfish,489,172,569,226,0,2019_01_28_09_31.avi,2800
2019_01_28_09_31_2810.jpg,archerfish,492,172,572,226,0,2019_01_28_09_31.avi,2810
2019_01_28_09_31_2820.jpg,archerfish,489,174,569,228,0,2019_01_28_09_31.avi,2820
2019_01_28_09_31_2830.jpg,archerfish,488,174,568,228,0,2019_01_28_09_31.avi,2830
2019_01_28_09_31_2840.jpg,archerfish,494,174,574,228,0,2019_01_28_09_31.avi,2840
2019_01_28_09_31_2850.jpg,archerfish,495,174,575,228,0,2019_01_28_09_31.avi,2850
2019_01_28_09_31_2860.jpg,archerfish,503,174,583,228,0,2019_01_28_09_31.avi,2860
2019_01_28_09_31_2870.jpg,archerfish,503,171,583,225,0,2019_01_28_09_31.avi,2870
2019_01_28_09_31_2880.jpg,archerfish,501,171,581,225,0,2019_01_28_09_31.avi,2880
2019_01_28_09_31_2890.jpg,archerfish,501,175,581,229,0,2019_01_28_09_31.avi,2890
2019_01_28_09_31_2900.jpg,archerfish,495,175,575,229,0,2019_01_28_09_31.avi,2900
2019_01_28_09_31_2910.jpg,archerfish,494,179,574,233,0,2019_01_28_09_31.avi,2910
2019_01_28_09_31_2920.jpg,archerfish,490,179,570,233,0,2019_01_28_09_31.avi,2920
2019_01_28_09_31_2930.jpg,archerfish,500,174,580,228,0,2019_01_28_09_31.avi,2930
2019_01_28_09_31_2940.jpg,archerfish,505,173,585,227,0,2019_01_28_09_31.avi,2940
2019_01_28_09_31_2950.jpg,archerfish,506,173,586,227,0,2019_01_28_09_31.avi,2950
2019_01_28_09_31_2960.jpg,archerfish,506,180,586,234,0,2019_01_28_09_31.avi,2960
2019_01_28_09_31_2970.jpg,archerfish,147,174,227,228,0,2019_01_28_09_31.avi,2970
2019_01_28_09_31_2980.jpg,archerfish,138,175,218,229,0,2019_01_28_09_31.avi,2980
2019_01_28_09_31_2990.jpg,archerfish,125,175,205,229,0,2019_01_28_09_31.avi,2990
2019_01_28_09_31_3000.jpg,archerfish,116,182,196,236,0,2019_01_28_09_31.avi,3000
2019_01_28_09_31_3010.jpg,archerfish,113,183,193,237,0,2019_01_28_09_31.avi,3010
2019_01_28_09_31_3020.jpg,archerfish,109,188,189,242,0,2019_01_28_09_31.avi,3020
2019_01_28_09_31_3030.jpg,archerfish,104,189,184,243,0,2019_01_28_09_31.avi,3030
2019_01_28_09_31_3040.jpg,archerfish,90,192,170,246,0,2019_01_28_09_31.avi,3040
2019_01_28_09_31_3050.jpg,archerfish,81,193,161,247,0,2019_01_28_09_31.avi,3050
2019_01_28_09_31_3060.jpg,archerfish,63,195,143,249,0,2019_01_28_09_31.avi,3060
2019_01_28_09_31_3070.jpg,archerfish,53,201,133,255,0,2019_01_28_09_31.avi,3070
2019_01_28_09_31_3080.jpg,archerfish,72,202,152,256,0,2019_01_28_09_31.avi,3080
2019_01_28_09_31_3090.jpg,archerfish,94,193,174,247,0,2019_01_28_09_31.avi,3090
2019_01_28_09_31_3100.jpg,archerfish,120,179,200,233,0,2019_01_28_09_31.avi,3100
2019_01_28_09_31_3110.jpg,archerfish,138,170,218,224,0,2019_01_28_09_31.avi,3110
2019_01_28_09_31_3120.jpg,archerfish,154,159,234,213,0,2019_01_28_09_31.avi,3120
2019_01_28_09_31_3130.jpg,archerfish,161,155,241,209,0,2019_01_28_09_31.avi,3130
2019_01_28_09_31_3140.jpg,archerfish,160,155,240,209,0,2019_01_28_09_31.avi,3140
2019_01_28_09_31_3150.jpg,archerfish,155,159,235,213,0,2019_01_28_09_31.avi,3150
2019_01_28_09_31_3160.jpg,archerfish,152,162,232,216,0,2019_01_28_09_31.avi,3160
2019_01_28_09_31_3170.jpg,archerfish,138,162,218,216,0,2019_01_28_09_31.avi,3170
2019_01_28_09_31_3180.jpg,archerfish,132,156,212,210,0,2019_01_28_09_31.avi,3180
2019_01_28_09_31_3190.jpg,archerfish,129,158,209,212,0,2019_01_28_09_31.avi,3190
2019_01_28_09_31_3200.jpg,archerfish,121,154,201,208,0,2019_01_28_09_31.avi,3200
2019_01_28_09_31_3210.jpg,archerfish,113,154,193,208,0,2019_01_28_09_31.avi,3210
2019_01_28_09_31_3220.jpg,archerfish,113,156,193,210,0,2019_01_28_09_31.avi,3220
2019_01_28_09_31_3230.jpg,archerfish,116,161,196,215,0,2019_01_28_09_31.avi,3230
2019_01_28_09_31_3240.jpg,archerfish,129,161,209,215,0,2019_01_28_09_31.avi,3240
2019_01_28_09_31_3250.jpg,archerfish,144,163,224,217,0,2019_01_28_09_31.avi,3250
2019_01_28_09_31_3260.jpg,archerfish,155,163,235,217,0,2019_01_28_09_31.avi,3260
2019_01_28_09_31_3270.jpg,archerfish,162,163,242,217,0,2019_01_28_09_31.avi,3270
2019_01_28_09_31_3280.jpg,archerfish,147,160,227,214,0,2019_01_28_09_31.avi,3280
2019_01_28_09_31_3290.jpg,archerfish,146,164,226,218,0,2019_01_28_09_31.avi,3290
2019_01_28_09_31_3300.jpg,archerfish,142,168,222,222,0,2019_01_28_09_31.avi,3300
2019_01_28_09_31_3310.jpg,archerfish,138,173,218,227,0,2019_01_28_09_31.avi,3310
2019_01_28_09_31_3320.jpg,archerfish,143,168,223,222,0,2019_01_28_09_31.avi,3320
2019_01_28_09_31_3330.jpg,archerfish,149,162,229,216,0,2019_01_28_09_31.avi,3330
2019_01_28_09_31_3340.jpg,archerfish,154,158,234,212,0,2019_01_28_09_31.avi,3340
2019_01_28_09_31_3350.jpg,archerfish,155,157,235,211,0,2019_01_28_09_31.avi,3350
2019_01_28_09_31_3360.jpg,archerfish,155,157,235,211,0,2019_01_28_09_31.avi,3360
2019_01_28_09_31_3370.jpg,archerfish,155,157,235,211,0,2019_01_28_09_31.avi,3370
2019_01_28_09_31_3380.jpg,archerfish,155,157,235,211,0,2019_01_28_09_31.avi,3380
2019_01_28_09_31_3390.jpg,archerfish,124,151,204,205,0,2019_01_28_09_31.avi,3390
2019_01_28_09_31_3400.jpg,archerfish,104,150,184,204,0,2019_01_28_09_31.avi,3400
2019_01_28_09_31_3410.jpg,archerfish,92,151,172,205,0,2019_01_28_09_31.avi,3410
2019_01_28_09_31_3420.jpg,archerfish,82,153,162,207,0,2019_01_28_09_31.avi,3420
2019_01_28_09_31_3430.jpg,archerfish,80,159,160,213,0,2019_01_28_09_31.avi,3430
2019_01_28_09_31_3440.jpg,archerfish,80,160,160,214,0,2019_01_28_09_31.avi,3440
2019_01_28_09_31_3450.jpg,archerfish,80,162,160,216,0,2019_01_28_09_31.avi,3450
2019_01_28_09_31_3460.jpg,archerfish,75,170,155,224,0,2019_01_28_09_31.avi,3460
2019_01_28_09_31_3470.jpg,archerfish,57,164,137,218,0,2019_01_28_09_31.avi,3470
2019_01_28_09_31_3480.jpg,archerfish,57,164,137,218,0,2019_01_28_09_31.avi,3480
2019_01_28_09_31_3490.jpg,archerfish,63,175,143,229,0,2019_01_28_09_31.avi,3490
2019_01_28_09_31_3500.jpg,archerfish,66,175,146,229,0,2019_01_28_09_31.avi,3500
2019_01_28_09_31_3510.jpg,archerfish,55,176,135,230,0,2019_01_28_09_31.avi,3510
2019_01_28_09_31_3520.jpg,archerfish,55,176,135,230,0,2019_01_28_09_31.avi,3520
2019_01_28_09_31_3530.jpg,archerfish,76,170,156,224,0,2019_01_28_09_31.avi,3530
2019_01_28_09_31_3540.jpg,archerfish,87,171,167,225,0,2019_01_28_09_31.avi,3540
2019_01_28_09_31_3550.jpg,archerfish,88,176,168,230,0,2019_01_28_09_31.avi,3550
2019_01_28_09_31_3560.jpg,archerfish,92,168,172,222,0,2019_01_28_09_31.avi,3560
2019_01_28_09_31_3570.jpg,archerfish,104,159,184,213,0,2019_01_28_09_31.avi,3570
2019_01_28_09_31_3580.jpg,archerfish,509,191,589,245,0,2019_01_28_09_31.avi,3580
2019_01_28_09_31_3590.jpg,archerfish,492,199,572,253,0,2019_01_28_09_31.avi,3590
2019_01_28_09_31_3600.jpg,archerfish,480,204,560,258,0,2019_01_28_09_31.avi,3600
2019_01_28_09_31_3610.jpg,archerfish,465,214,545,268,0,2019_01_28_09_31.avi,3610
2019_01_28_09_31_3620.jpg,archerfish,454,217,534,271,0,2019_01_28_09_31.avi,3620
2019_01_28_09_31_3630.jpg,archerfish,445,229,525,283,0,2019_01_28_09_31.avi,3630
2019_01_28_09_31_3640.jpg,archerfish,434,233,514,287,0,2019_01_28_09_31.avi,3640
2019_01_28_09_31_3650.jpg,archerfish,414,238,494,292,0,2019_01_28_09_31.avi,3650
2019_01_28_09_31_3660.jpg,archerfish,408,238,488,292,0,2019_01_28_09_31.avi,3660
2019_01_28_09_31_3670.jpg,archerfish,394,246,474,300,0,2019_01_28_09_31.avi,3670
2019_01_28_09_31_3680.jpg,archerfish,385,249,465,303,0,2019_01_28_09_31.avi,3680
2019_01_28_09_31_3690.jpg,archerfish,372,253,452,307,0,2019_01_28_09_31.avi,3690
2019_01_28_09_31_3700.jpg,archerfish,366,253,446,307,0,2019_01_28_09_31.avi,3700
2019_01_28_09_31_3710.jpg,archerfish,355,253,435,307,0,2019_01_28_09_31.avi,3710
2019_01_28_09_31_3720.jpg,archerfish,346,251,426,305,0,2019_01_28_09_31.avi,3720
2019_01_28_09_31_3730.jpg,archerfish,338,251,418,305,0,2019_01_28_09_31.avi,3730
2019_01_28_09_31_3740.jpg,archerfish,324,253,404,307,0,2019_01_28_09_31.avi,3740
2019_01_28_09_31_3750.jpg,archerfish,324,249,404,303,0,2019_01_28_09_31.avi,3750
2019_01_28_09_31_3760.jpg,archerfish,319,249,399,303,0,2019_01_28_09_31.avi,3760
2019_01_28_09_31_3770.jpg,archerfish,307,249,387,303,0,2019_01_28_09_31.avi,3770
2019_01_28_09_31_3780.jpg,archerfish,304,249,384,303,0,2019_01_28_09_31.avi,3780
2019_01_28_09_31_3790.jpg,archerfish,298,249,378,303,1,2019_01_28_09_31.avi,3790
2019_01_28_09_31_3800.jpg,archerfish,298,249,378,303,1,2019_01_28_09_31.avi,3800
2019_01_28_09_31_3810.jpg,archerfish,298,249,378,303,1,2019_01_28_09_31.avi,3810
2019_01_28_09_31_3820.jpg,archerfish,298,249,378,303,1,2019_01_28_09_31.avi,3820
2019_01_28_09_31_3830.jpg,archerfish,298,249,378,303,1,2019_01_28_09_31.avi,3830
2019_01_28_09_31_3840.jpg,archerfish,298,249,378,303,1,2019_01_28_09_31.avi,3840
2019_01_28_09_31_3850.jpg,archerfish,298,249,378,303,1,2019_01_28_09_31.avi,3850
2019_01_28_09_31_3860.jpg,archerfish,298,249,378,303,1,2019_01_28_09_31.avi,3860
2019_01_28_09_31_3870.jpg,archerfish,298,249,378,303,1,2019_01_28_09_31.avi,3870
2019_01_28_09_31_3880.jpg,archerfish,216,206,296,260,0,2019_01_28_09_31.avi,3880
2019_01_28_09_31_3890.jpg,archerfish,216,184,296,238,0,2019_01_28_09_31.avi,3890
2019_01_28_09_31_3900.jpg,archerfish,208,176,288,230,0,2019_01_28_09_31.avi,3900
2019_01_28_09_31_3910.jpg,archerfish,189,174,269,228,0,2019_01_28_09_31.avi,3910
2019_01_28_09_31_3920.jpg,archerfish,172,172,252,226,0,2019_01_28_09_31.avi,3920
2019_01_28_09_31_3930.jpg,archerfish,152,168,232,222,0,2019_01_28_09_31.avi,3930
2019_01_28_09_31_3940.jpg,archerfish,137,168,217,222,0,2019_01_28_09_31.avi,3940
2019_01_28_09_31_3950.jpg,archerfish,124,165,204,219,0,2019_01_28_09_31.avi,3950
2019_01_28_09_31_3960.jpg,archerfish,96,160,176,214,0,2019_01_28_09_31.avi,3960
2019_01_28_09_31_3970.jpg,archerfish,78,161,158,215,0,2019_01_28_09_31.avi,3970
2019_01_28_09_31_3980.jpg,archerfish,58,155,138,209,0,2019_01_28_09_31.avi,3980
2019_01_28_09_31_3990.jpg,archerfish,38,160,118,214,0,2019_01_28_09_31.avi,3990
2019_01_28_09_31_4000.jpg,archerfish,41,169,121,223,1,2019_01_28_09_31.avi,4000
2019_01_28_09_31_4010.jpg,archerfish,41,169,121,223,1,2019_01_28_09_31.avi,4010
2019_01_28_09_31_4020.jpg,archerfish,41,169,121,223,1,2019_01_28_09_31.avi,4020
2019_01_28_09_31_4030.jpg,archerfish,41,169,121,223,1,2019_01_28_09_31.avi,4030
2019_01_28_09_31_4040.jpg,archerfish,41,169,121,223,1,2019_01_28_09_31.avi,4040
2019_01_28_09_31_4050.jpg,archerfish,41,169,121,223,1,2019_01_28_09_31.avi,4050
2019_01_28_09_31_4060.jpg,archerfish,41,169,121,223,1,2019_01_28_09_31.avi,4060
2019_01_28_09_31_4070.jpg,archerfish,41,169,121,223,1,2019_01_28_09_31.avi,4070
2019_01_28_09_31_4080.jpg,archerfish,41,169,121,223,1,2019_01_28_09_31.avi,4080
2019_01_28_09_31_4090.jpg,archerfish,41,169,121,223,1,2019_01_28_09_31.avi,4090
2019_01_28_09_31_4100.jpg,archerfish,41,169,121,223,1,2019_01_28_09_31.avi,4100
2019_01_28_09_31_4110.jpg,archerfish,83,172,163,226,0,2019_01_28_09_31.avi,4110
2019_01_28_09_31_4120.jpg,archerfish,92,172,172,226,0,2019_01_28_09_31.avi,4120
2019_01_28_09_31_4130.jpg,archerfish,94,177,174,231,0,2019_01_28_09_31.avi,4130
2019_01_28_09_31_4140.jpg,archerfish,98,177,178,231,0,2019_01_28_09_31.avi,4140
2019_01_28_09_31_4150.jpg,archerfish,101,177,181,231,0,2019_01_28_09_31.avi,4150
2019_01_28_09_31_4160.jpg,archerfish,101,177,181,231,0,2019_01_28_09_31.avi,4160
2019_01_28_09_31_4170.jpg,archerfish,87,173,167,227,0,2019_01_28_09_31.avi,4170
2019_01_28_09_31_4180.jpg,archerfish,76,172,156,226,0,2019_01_28_09_31.avi,4180
2019_01_28_09_31_4190.jpg,archerfish,73,172,153,226,0,2019_01_28_09_31.avi,4190
2019_01_28_09_31_4200.jpg,archerfish,406,294,486,348,0,2019_01_28_09_31.avi,4200
2019_01_28_09_31_4210.jpg,archerfish,434,297,514,351,0,2019_01_28_09_31.avi,4210
2019_01_28_09_31_4220.jpg,archerfish,463,297,543,351,0,2019_01_28_09_31.avi,4220
2019_01_28_09_31_4230.jpg,archerfish,491,295,571,349,0,2019_01_28_09_31.avi,4230
2019_01_28_09_31_4240.jpg,archerfish,516,295,596,349,0,2019_01_28_09_31.avi,4240
2019_01_28_09_31_4250.jpg,archerfish,532,297,612,351,1,2019_01_28_09_31.avi,4250
2019_01_28_09_31_4260.jpg,archerfish,532,297,612,351,1,2019_01_28_09_31.avi,4260
2019_01_28_09_31_4270.jpg,archerfish,532,297,612,351,1,2019_01_28_09_31.avi,4270
2019_01_28_09_31_4280.jpg,archerfish,532,297,612,351,1,2019_01_28_09_31.avi,4280
2019_01_28_09_31_4290.jpg,archerfish,532,297,612,351,1,2019_01_28_09_31.avi,4290
2019_01_28_09_31_4300.jpg,archerfish,532,297,612,351,1,2019_01_28_09_31.avi,4300
2019_01_28_09_31_4310.jpg,archerfish,465,263,545,317,0,2019_01_28_09_31.avi,4310
2019_01_28_09_31_4320.jpg,archerfish,452,229,532,283,0,2019_01_28_09_31.avi,4320
2019_01_28_09_31_4330.jpg,archerfish,442,209,522,263,0,2019_01_28_09_31.avi,4330
2019_01_28_09_31_4340.jpg,archerfish,438,194,518,248,0,2019_01_28_09_31.avi,4340
2019_01_28_09_31_4350.jpg,archerfish,433,186,513,240,0,2019_01_28_09_31.avi,4350
2019_01_28_09_31_4360.jpg,archerfish,429,177,509,231,0,2019_01_28_09_31.avi,4360
2019_01_28_09_31_4370.jpg,archerfish,424,174,504,228,0,2019_01_28_09_31.avi,4370
2019_01_28_09_31_4380.jpg,archerfish,419,173,499,227,0,2019_01_28_09_31.avi,4380
2019_01_28_09_31_4390.jpg,archerfish,419,168,499,222,0,2019_01_28_09_31.avi,4390
2019_01_28_09_31_4400.jpg,archerfish,433,169,513,223,0,2019_01_28_09_31.avi,4400
2019_01_28_09_31_4410.jpg,archerfish,443,169,523,223,0,2019_01_28_09_31.avi,4410
2019_01_28_09_31_4420.jpg,archerfish,452,169,532,223,0,2019_01_28_09_31.avi,4420
2019_01_28_09_31_4430.jpg,archerfish,469,169,549,223,0,2019_01_28_09_31.avi,4430
2019_01_28_09_31_4440.jpg,archerfish,478,169,558,223,0,2019_01_28_09_31.avi,4440
2019_01_28_09_31_4450.jpg,archerfish,484,169,564,223,0,2019_01_28_09_31.avi,4450
2019_01_28_09_31_4460.jpg,archerfish,492,173,572,227,0,2019_01_28_09_31.avi,4460
2019_01_28_09_31_4470.jpg,archerfish,480,181,560,235,0,2019_01_28_09_31.avi,4470
2019_01_28_09_31_4480.jpg,archerfish,461,185,541,239,0,2019_01_28_09_31.avi,4480
2019_01_28_09_31_4490.jpg,archerfish,440,195,520,249,0,2019_01_28_09_31.avi,4490
2019_01_28_09_31_4500.jpg,archerfish,424,204,504,258,0,2019_01_28_09_31.avi,4500
2019_01_28_09_31_4510.jpg,archerfish,406,210,486,264,0,2019_01_28_09_31.avi,4510
2019_01_28_09_31_4520.jpg,archerfish,387,214,467,268,0,2019_01_28_09_31.avi,4520
2019_01_28_09_31_4530.jpg,archerfish,372,221,452,275,0,2019_01_28_09_31.avi,4530
2019_01_28_09_31_4540.jpg,archerfish,359,222,439,276,0,2019_01_28_09_31.avi,4540
2019_01_28_09_31_4550.jpg,archerfish,354,222,434,276,0,2019_01_28_09_31.avi,4550
2019_01_28_09_31_4560.jpg,archerfish,337,217,417,271,0,2019_01_28_09_31.avi,4560
2019_01_28_09_31_4570.jpg,archerfish,339,215,419,269,0,2019_01_28_09_31.avi,4570
2019_01_28_09_31_4580.jpg,archerfish,344,213,424,267,0,2019_01_28_09_31.avi,4580
2019_01_28_09_31_4590.jpg,archerfish,359,206,439,260,0,2019_01_28_09_31.avi,4590
2019_01_28_09_31_4600.jpg,archerfish,387,200,467,254,0,2019_01_28_09_31.avi,4600
2019_01_28_09_31_4610.jpg,archerfish,404,195,484,249,0,2019_01_28_09_31.avi,4610
2019_01_28_09_31_4620.jpg,archerfish,415,193,495,247,0,2019_01_28_09_31.avi,4620
2019_01_28_09_31_4630.jpg,archerfish,399,203,479,257,0,2019_01_28_09_31.avi,4630
2019_01_28_09_31_4640.jpg,archerfish,385,216,465,270,0,2019_01_28_09_31.avi,4640
2019_01_28_09_31_4650.jpg,archerfish,373,222,453,276,0,2019_01_28_09_31.avi,4650
2019_01_28_09_31_4660.jpg,archerfish,359,232,439,286,0,2019_01_28_09_31.avi,4660
2019_01_28_09_31_4670.jpg,archerfish,338,237,418,291,0,2019_01_28_09_31.avi,4670
2019_01_28_09_31_4680.jpg,archerfish,327,242,407,296,0,2019_01_28_09_31.avi,4680
2019_01_28_09_31_4690.jpg,archerfish,327,242,407,296,1,2019_01_28_09_31.avi,4690
2019_01_28_09_31_4700.jpg,archerfish,327,242,407,296,1,2019_01_28_09_31.avi,4700
2019_01_28_09_31_4710.jpg,archerfish,327,242,407,296,1,2019_01_28_09_31.avi,4710
2019_01_28_09_31_4720.jpg,archerfish,327,242,407,296,1,2019_01_28_09_31.avi,4720
2019_01_28_09_31_4730.jpg,archerfish,327,242,407,296,1,2019_01_28_09_31.avi,4730
2019_01_28_09_31_4740.jpg,archerfish,327,242,407,296,1,2019_01_28_09_31.avi,4740
2019_01_28_09_31_4750.jpg,archerfish,209,216,289,270,0,2019_01_28_09_31.avi,4750
2019_01_28_09_31_4760.jpg,archerfish,195,205,275,259,0,2019_01_28_09_31.avi,4760
2019_01_28_09_31_4770.jpg,archerfish,181,192,261,246,0,2019_01_28_09_31.avi,4770
2019_01_28_09_31_4780.jpg,archerfish,179,185,259,239,0,2019_01_28_09_31.avi,4780
2019_01_28_09_31_4790.jpg,archerfish,171,178,251,232,0,2019_01_28_09_31.avi,4790
2019_01_28_09_31_4800.jpg,archerfish,483,299,563,353,1,2019_01_28_09_31.avi,4800
2019_01_28_09_31_4810.jpg,archerfish,468,305,548,359,0,2019_01_28_09_31.avi,4810
2019_01_28_09_31_4820.jpg,archerfish,460,303,540,357,0,2019_01_28_09_31.avi,4820
2019_01_28_09_31_4830.jpg,archerfish,451,305,531,359,0,2019_01_28_09_31.avi,4830
2019_01_28_09_31_4840.jpg,archerfish,451,305,531,359,0,2019_01_28_09_31.avi,4840
2019_01_28_09_31_4850.jpg,archerfish,459,308,539,362,0,2019_01_28_09_31.avi,4850
2019_01_28_09_31_4860.jpg,archerfish,462,309,542,363,0,2019_01_28_09_31.avi,4860
2019_01_28_09_31_4870.jpg,archerfish,467,312,547,366,0,2019_01_28_09_31.avi,4870
2019_01_28_09_31_4880.jpg,archerfish,474,312,554,366,1,2019_01_28_09_31.avi,4880
2019_01_28_09_31_4890.jpg,archerfish,474,312,554,366,1,2019_01_28_09_31.avi,4890
2019_01_28_09_31_4900.jpg,archerfish,474,312,554,366,1,2019_01_28_09_31.avi,4900
2019_01_28_09_31_4910.jpg,archerfish,474,312,554,366,1,2019_01_28_09_31.avi,4910
2019_01_28_09_31_4920.jpg,archerfish,474,312,554,366,1,2019_01_28_09_31.avi,4920
2019_01_28_09_31_4930.jpg,archerfish,528,258,608,312,0,2019_01_28_09_31.avi,4930
2019_01_28_09_31_4940.jpg,archerfish,501,261,581,315,0,2019_01_28_09_31.avi,4940
2019_01_28_09_31_4950.jpg,archerfish,483,258,563,312,0,2019_01_28_09_31.avi,4950
2019_01_28_09_31_4960.jpg,archerfish,453,259,533,313,0,2019_01_28_09_31.avi,4960
2019_01_28_09_31_4970.jpg,archerfish,421,262,501,316,0,2019_01_28_09_31.avi,4970
2019_01_28_09_31_4980.jpg,archerfish,398,268,478,322,0,2019_01_28_09_31.avi,4980
2019_01_28_09_31_4990.jpg,archerfish,371,273,451,327,0,2019_01_28_09_31.avi,4990
2019_01_28_09_31_5000.jpg,archerfish,349,282,429,336,0,2019_01_28_09_31.avi,5000
2019_01_28_09_31_5010.jpg,archerfish,347,282,427,336,0,2019_01_28_09_31.avi,5010
2019_01_28_09_31_5020.jpg,archerfish,336,288,416,342,0,2019_01_28_09_31.avi,5020
2019_01_28_09_31_5030.jpg,archerfish,335,293,415,347,0,2019_01_28_09_31.avi,5030
2019_01_28_09_31_5040.jpg,archerfish,331,297,411,351,0,2019_01_28_09_31.avi,5040
2019_01_28_09_31_5050.jpg,archerfish,326,302,406,356,0,2019_01_28_09_31.avi,5050
2019_01_28_09_31_5060.jpg,archerfish,326,303,406,357,0,2019_01_28_09_31.avi,5060
2019_01_28_09_31_5070.jpg,archerfish,326,308,406,362,0,2019_01_28_09_31.avi,5070
2019_01_28_09_31_5080.jpg,archerfish,326,312,406,366,0,2019_01_28_09_31.avi,5080
2019_01_28_09_31_5090.jpg,archerfish,326,313,406,367,0,2019_01_28_09_31.avi,5090
2019_01_28_09_31_5100.jpg,archerfish,326,316,406,370,0,2019_01_28_09_31.avi,5100
2019_01_28_09_31_5110.jpg,archerfish,326,324,406,378,0,2019_01_28_09_31.avi,5110
2019_01_28_09_31_5120.jpg,archerfish,326,324,406,378,0,2019_01_28_09_31.avi,5120
2019_01_28_09_31_5130.jpg,archerfish,326,324,406,378,0,2019_01_28_09_31.avi,5130
2019_01_28_09_31_5140.jpg,archerfish,326,324,406,378,0,2019_01_28_09_31.avi,5140
2019_01_28_09_31_5150.jpg,archerfish,327,325,407,379,0,2019_01_28_09_31.avi,5150
2019_01_28_09_31_5160.jpg,archerfish,329,327,409,381,0,2019_01_28_09_31.avi,5160
2019_01_28_09_31_5170.jpg,archerfish,330,328,410,382,0,2019_01_28_09_31.avi,5170
2019_01_28_09_31_5180.jpg,archerfish,330,328,410,382,0,2019_01_28_09_31.avi,5180
2019_01_28_09_31_5190.jpg,archerfish,331,328,411,382,0,2019_01_28_09_31.avi,5190
2019_01_28_09_31_5200.jpg,archerfish,331,328,411,382,0,2019_01_28_09_31.avi,5200
2019_01_28_09_31_5210.jpg,archerfish,345,310,425,364,0,2019_01_28_09_31.avi,5210
2019_01_28_09_31_5220.jpg,archerfish,345,311,425,365,0,2019_01_28_09_31.avi,5220
2019_01_28_09_31_5230.jpg,archerfish,352,304,432,358,0,2019_01_28_09_31.avi,5230
2019_01_28_09_31_5240.jpg,archerfish,360,304,440,358,0,2019_01_28_09_31.avi,5240
2019_01_28_09_31_5250.jpg,archerfish,368,302,448,356,0,2019_01_28_09_31.avi,5250
2019_01_28_09_31_5260.jpg,archerfish,409,293,489,347,0,2019_01_28_09_31.avi,5260
2019_01_28_09_31_5270.jpg,archerfish,430,297,510,351,0,2019_01_28_09_31.avi,5270
2019_01_28_09_31_5280.jpg,archerfish,475,280,555,334,0,2019_01_28_09_31.avi,5280
2019_01_28_09_31_5290.jpg,archerfish,511,262,591,316,0,2019_01_28_09_31.avi,5290
2019_01_28_09_31_5300.jpg,archerfish,536,251,616,305,0,2019_01_28_09_31.avi,5300
2019_01_28_09_31_5310.jpg,archerfish,551,239,631,293,0,2019_01_28_09_31.avi,5310
2019_01_28_09_31_5320.jpg,archerfish,554,233,634,287,0,2019_01_28_09_31.avi,5320
2019_01_28_09_31_5330.jpg,archerfish,556,226,636,280,0,2019_01_28_09_31.avi,5330
2019_01_28_09_31_5340.jpg,archerfish,554,226,634,280,0,2019_01_28_09_31.avi,5340
2019_01_28_09_31_5350.jpg,archerfish,549,226,629,280,0,2019_01_28_09_31.avi,5350
2019_01_28_09_31_5360.jpg,archerfish,548,226,628,280,0,2019_01_28_09_31.avi,5360
2019_01_28_09_31_5370.jpg,archerfish,545,226,625,280,0,2019_01_28_09_31.avi,5370
2019_01_28_09_31_5380.jpg,archerfish,531,239,611,293,0,2019_01_28_09_31.avi,5380
2019_01_28_09_31_5390.jpg,archerfish,522,241,602,295,0,2019_01_28_09_31.avi,5390
2019_01_28_09_31_5400.jpg,archerfish,519,247,599,301,0,2019_01_28_09_31.avi,5400
2019_01_28_09_31_5410.jpg,archerfish,514,251,594,305,0,2019_01_28_09_31.avi,5410
2019_01_28_09_31_5420.jpg,archerfish,523,262,603,316,0,2019_01_28_09_31.avi,5420
2019_01_28_09_31_5430.jpg,archerfish,527,260,607,314,0,2019_01_28_09_31.avi,5430
2019_01_28_09_31_5440.jpg,archerfish,530,259,610,313,0,2019_01_28_09_31.avi,5440
2019_01_28_09_31_5450.jpg,archerfish,536,258,616,312,0,2019_01_28_09_31.avi,5450
2019_01_28_09_31_5460.jpg,archerfish,537,258,617,312,0,2019_01_28_09_31.avi,5460
2019_01_28_09_31_5470.jpg,archerfish,540,260,620,314,0,2019_01_28_09_31.avi,5470
2019_01_28_09_31_5480.jpg,archerfish,541,266,621,320,0,2019_01_28_09_31.avi,5480
2019_01_28_09_31_5490.jpg,archerfish,541,269,621,323,1,2019_01_28_09_31.avi,5490
2019_01_28_09_31_5500.jpg,archerfish,541,269,621,323,1,2019_01_28_09_31.avi,5500
2019_01_28_09_31_5510.jpg,archerfish,541,269,621,323,1,2019_01_28_09_31.avi,5510
2019_01_28_09_31_5520.jpg,archerfish,541,269,621,323,1,2019_01_28_09_31.avi,5520
2019_01_28_09_31_5530.jpg,archerfish,513,246,593,300,0,2019_01_28_09_31.avi,5530
2019_01_28_09_31_5540.jpg,archerfish,494,225,574,279,0,2019_01_28_09_31.avi,5540
2019_01_28_09_31_5550.jpg,archerfish,489,199,569,253,0,2019_01_28_09_31.avi,5550
2019_01_28_09_31_5560.jpg,archerfish,484,187,564,241,0,2019_01_28_09_31.avi,5560
2019_01_28_09_31_5570.jpg,archerfish,484,184,564,238,0,2019_01_28_09_31.avi,5570
2019_01_28_09_31_5580.jpg,archerfish,484,181,564,235,0,2019_01_28_09_31.avi,5580
2019_01_28_09_31_5590.jpg,archerfish,484,180,564,234,0,2019_01_28_09_31.avi,5590
2019_01_28_09_31_5600.jpg,archerfish,484,179,564,233,0,2019_01_28_09_31.avi,5600
2019_01_28_09_31_5610.jpg,archerfish,484,179,564,233,0,2019_01_28_09_31.avi,5610
2019_01_28_09_31_5620.jpg,archerfish,479,190,559,244,0,2019_01_28_09_31.avi,5620
2019_01_28_09_31_5630.jpg,archerfish,472,191,552,245,0,2019_01_28_09_31.avi,5630
2019_01_28_09_31_5640.jpg,archerfish,466,195,546,249,0,2019_01_28_09_31.avi,5640
2019_01_28_09_31_5650.jpg,archerfish,426,204,506,258,0,2019_01_28_09_31.avi,5650
2019_01_28_09_31_5660.jpg,archerfish,407,207,487,261,0,2019_01_28_09_31.avi,5660
2019_01_28_09_31_5670.jpg,archerfish,383,194,463,248,0,2019_01_28_09_31.avi,5670
2019_01_28_09_31_5680.jpg,archerfish,369,184,449,238,0,2019_01_28_09_31.avi,5680
2019_01_28_09_31_5690.jpg,archerfish,356,180,436,234,0,2019_01_28_09_31.avi,5690
2019_01_28_09_31_5700.jpg,archerfish,353,175,433,229,0,2019_01_28_09_31.avi,5700
2019_01_28_09_31_5710.jpg,archerfish,345,168,425,222,0,2019_01_28_09_31.avi,5710
2019_01_28_09_31_5720.jpg,archerfish,351,168,431,222,0,2019_01_28_09_31.avi,5720
2019_01_28_09_31_5730.jpg,archerfish,354,168,434,222,0,2019_01_28_09_31.avi,5730
2019_01_28_09_31_5740.jpg,archerfish,369,164,449,218,0,2019_01_28_09_31.avi,5740
2019_01_28_09_31_5750.jpg,archerfish,384,164,464,218,0,2019_01_28_09_31.avi,5750
2019_01_28_09_31_5760.jpg,archerfish,403,164,483,218,0,2019_01_28_09_31.avi,5760
2019_01_28_09_31_5770.jpg,archerfish,420,163,500,217,0,2019_01_28_09_31.avi,5770
2019_01_28_09_31_5780.jpg,archerfish,441,161,521,215,0,2019_01_28_09_31.avi,5780
2019_01_28_09_31_5790.jpg,archerfish,453,159,533,213,0,2019_01_28_09_31.avi,5790
2019_01_28_09_31_5800.jpg,archerfish,453,152,533,206,0,2019_01_28_09_31.avi,5800
2019_01_28_09_31_5810.jpg,archerfish,447,151,527,205,0,2019_01_28_09_31.avi,5810
2019_01_28_09_31_5820.jpg,archerfish,426,150,506,204,0,2019_01_28_09_31.avi,5820
2019_01_28_09_31_5830.jpg,archerfish,403,146,483,200,0,2019_01_28_09_31.avi,5830
2019_01_28_09_31_5840.jpg,archerfish,386,146,466,200,0,2019_01_28_09_31.avi,5840
2019_01_28_09_31_5850.jpg,archerfish,385,146,465,200,0,2019_01_28_09_31.avi,5850
2019_01_28_09_31_5860.jpg,archerfish,376,146,456,200,0,2019_01_28_09_31.avi,5860
2019_01_28_09_31_5870.jpg,archerfish,376,146,456,200,0,2019_01_28_09_31.avi,5870
2019_01_28_09_31_5880.jpg,archerfish,370,146,450,200,0,2019_01_28_09_31.avi,5880
2019_01_28_09_31_5890.jpg,archerfish,367,146,447,200,0,2019_01_28_09_31.avi,5890
2019_01_28_09_31_5900.jpg,archerfish,364,146,444,200,0,2019_01_28_09_31.avi,5900
2019_01_28_09_31_5910.jpg,archerfish,340,150,420,204,0,2019_01_28_09_31.avi,5910
2019_01_28_09_31_5920.jpg,archerfish,338,150,418,204,0,2019_01_28_09_31.avi,5920
2019_01_28_09_31_5930.jpg,archerfish,329,155,409,209,0,2019_01_28_09_31.avi,5930
2019_01_28_09_31_5940.jpg,archerfish,340,155,420,209,0,2019_01_28_09_31.avi,5940
2019_01_28_09_31_5950.jpg,archerfish,349,154,429,208,0,2019_01_28_09_31.avi,5950
2019_01_28_09_31_5960.jpg,archerfish,353,154,433,208,0,2019_01_28_09_31.avi,5960
2019_01_28_09_31_5970.jpg,archerfish,365,159,445,213,0,2019_01_28_09_31.avi,5970
2019_01_28_09_31_5980.jpg,archerfish,373,164,453,218,0,2019_01_28_09_31.avi,5980
2019_01_28_09_31_5990.jpg,archerfish,393,166,473,220,0,2019_01_28_09_31.avi,5990
2019_01_28_09_31_6000.jpg,archerfish,435,166,515,220,0,2019_01_28_09_31.avi,6000
2019_01_28_09_31_6010.jpg,archerfish,468,171,548,225,0,2019_01_28_09_31.avi,6010
