Filename,   Annotation tag,  Upper left corner X, Upper left corner Y, Lower right corner X,   Lower right corner Y,    Occluded,    Origin file, Origin frame number
2019-01-20 10_04_10.jpg,archerfish,93,226,26,287,0,2019-01-20 10_04.avi,10
2019-01-20 10_04_10.jpg,archerfish,34,205,0,256,0,2019-01-20 10_04.avi,10
2019-01-20 10_04_20.jpg,archerfish,93,226,26,287,0,2019-01-20 10_04.avi,20
2019-01-20 10_04_20.jpg,archerfish,34,205,0,256,0,2019-01-20 10_04.avi,20
2019-01-20 10_04_30.jpg,archerfish,93,226,26,287,0,2019-01-20 10_04.avi,30
2019-01-20 10_04_30.jpg,archerfish,34,205,0,256,0,2019-01-20 10_04.avi,30
2019-01-20 10_04_40.jpg,archerfish,38,216,81,281,0,2019-01-20 10_04.avi,40
2019-01-20 10_04_40.jpg,archerfish,34,205,0,256,0,2019-01-20 10_04.avi,40
2019-01-20 10_04_50.jpg,archerfish,38,216,81,281,0,2019-01-20 10_04.avi,50
2019-01-20 10_04_50.jpg,archerfish,34,205,0,256,0,2019-01-20 10_04.avi,50
2019-01-20 10_04_60.jpg,archerfish,51,224,88,283,0,2019-01-20 10_04.avi,60
2019-01-20 10_04_60.jpg,archerfish,34,205,0,256,0,2019-01-20 10_04.avi,60
2019-01-20 10_04_70.jpg,archerfish,52,224,88,282,0,2019-01-20 10_04.avi,70
2019-01-20 10_04_70.jpg,archerfish,34,205,0,256,0,2019-01-20 10_04.avi,70
2019-01-20 10_04_80.jpg,archerfish,58,224,94,282,0,2019-01-20 10_04.avi,80
2019-01-20 10_04_80.jpg,archerfish,34,205,0,256,0,2019-01-20 10_04.avi,80
2019-01-20 10_04_90.jpg,archerfish,54,220,101,278,0,2019-01-20 10_04.avi,90
2019-01-20 10_04_90.jpg,archerfish,34,205,0,256,0,2019-01-20 10_04.avi,90
2019-01-20 10_04_100.jpg,archerfish,54,210,118,276,0,2019-01-20 10_04.avi,100
2019-01-20 10_04_100.jpg,archerfish,34,205,0,256,0,2019-01-20 10_04.avi,100
2019-01-20 10_04_110.jpg,archerfish,54,202,118,268,0,2019-01-20 10_04.avi,110
2019-01-20 10_04_110.jpg,archerfish,-4,198,30,248,0,2019-01-20 10_04.avi,110
2019-01-20 10_04_120.jpg,archerfish,63,197,127,263,0,2019-01-20 10_04.avi,120
2019-01-20 10_04_120.jpg,archerfish,5,190,39,240,0,2019-01-20 10_04.avi,120
2019-01-20 10_04_130.jpg,archerfish,67,190,133,259,0,2019-01-20 10_04.avi,130
2019-01-20 10_04_130.jpg,archerfish,2,181,61,240,0,2019-01-20 10_04.avi,130
2019-01-20 10_04_140.jpg,archerfish,67,196,134,251,0,2019-01-20 10_04.avi,140
2019-01-20 10_04_140.jpg,archerfish,17,177,75,235,0,2019-01-20 10_04.avi,140
2019-01-20 10_04_150.jpg,archerfish,67,196,134,251,0,2019-01-20 10_04.avi,150
2019-01-20 10_04_150.jpg,archerfish,30,182,88,240,0,2019-01-20 10_04.avi,150
2019-01-20 10_04_160.jpg,archerfish,65,194,135,254,0,2019-01-20 10_04.avi,160
2019-01-20 10_04_160.jpg,archerfish,23,183,81,241,0,2019-01-20 10_04.avi,160
2019-01-20 10_04_170.jpg,archerfish,46,197,152,265,0,2019-01-20 10_04.avi,170
2019-01-20 10_04_170.jpg,archerfish,0,188,67,247,0,2019-01-20 10_04.avi,170
2019-01-20 10_04_180.jpg,archerfish,11,210,123,267,0,2019-01-20 10_04.avi,180
2019-01-20 10_04_180.jpg,archerfish,9,205,124,267,0,2019-01-20 10_04.avi,180
2019-01-20 10_04_190.jpg,archerfish,1,229,108,278,0,2019-01-20 10_04.avi,190
2019-01-20 10_04_190.jpg,archerfish,0,217,115,286,0,2019-01-20 10_04.avi,190
2019-01-20 10_04_200.jpg,archerfish,0,224,94,294,0,2019-01-20 10_04.avi,200
2019-01-20 10_04_200.jpg,archerfish,0,217,115,286,0,2019-01-20 10_04.avi,200
2019-01-20 10_04_210.jpg,archerfish,0,246,92,294,0,2019-01-20 10_04.avi,210
2019-01-20 10_04_210.jpg,archerfish,0,239,91,299,0,2019-01-20 10_04.avi,210
2019-01-20 10_04_220.jpg,archerfish,0,247,86,304,0,2019-01-20 10_04.avi,220
2019-01-20 10_04_220.jpg,archerfish,0,245,84,303,0,2019-01-20 10_04.avi,220
2019-01-20 10_04_230.jpg,archerfish,0,247,86,304,0,2019-01-20 10_04.avi,230
2019-01-20 10_04_230.jpg,archerfish,0,245,84,303,0,2019-01-20 10_04.avi,230
2019-01-20 10_04_240.jpg,archerfish,0,247,86,304,0,2019-01-20 10_04.avi,240
2019-01-20 10_04_240.jpg,archerfish,0,245,84,303,0,2019-01-20 10_04.avi,240
2019-01-20 10_04_250.jpg,archerfish,0,247,86,304,0,2019-01-20 10_04.avi,250
2019-01-20 10_04_250.jpg,archerfish,0,245,84,303,0,2019-01-20 10_04.avi,250
2019-01-20 10_04_260.jpg,archerfish,0,247,86,304,0,2019-01-20 10_04.avi,260
2019-01-20 10_04_260.jpg,archerfish,0,245,84,303,0,2019-01-20 10_04.avi,260
2019-01-20 10_04_270.jpg,archerfish,0,247,86,304,0,2019-01-20 10_04.avi,270
2019-01-20 10_04_270.jpg,archerfish,0,245,84,303,0,2019-01-20 10_04.avi,270
2019-01-20 10_04_280.jpg,archerfish,0,247,86,304,0,2019-01-20 10_04.avi,280
2019-01-20 10_04_280.jpg,archerfish,0,245,84,303,0,2019-01-20 10_04.avi,280
2019-01-20 10_04_290.jpg,archerfish,0,247,86,304,0,2019-01-20 10_04.avi,290
2019-01-20 10_04_290.jpg,archerfish,0,245,84,303,0,2019-01-20 10_04.avi,290
2019-01-20 10_04_300.jpg,archerfish,0,247,86,304,0,2019-01-20 10_04.avi,300
2019-01-20 10_04_300.jpg,archerfish,14,220,69,272,0,2019-01-20 10_04.avi,300
2019-01-20 10_04_310.jpg,archerfish,0,247,86,304,0,2019-01-20 10_04.avi,310
2019-01-20 10_04_310.jpg,archerfish,24,216,90,270,0,2019-01-20 10_04.avi,310
2019-01-20 10_04_320.jpg,archerfish,0,247,86,304,0,2019-01-20 10_04.avi,320
2019-01-20 10_04_320.jpg,archerfish,36,214,118,264,0,2019-01-20 10_04.avi,320
2019-01-20 10_04_330.jpg,archerfish,0,247,86,304,0,2019-01-20 10_04.avi,330
2019-01-20 10_04_330.jpg,archerfish,72,222,124,271,0,2019-01-20 10_04.avi,330
2019-01-20 10_04_340.jpg,archerfish,0,250,72,304,0,2019-01-20 10_04.avi,340
2019-01-20 10_04_340.jpg,archerfish,72,222,124,271,0,2019-01-20 10_04.avi,340
2019-01-20 10_04_350.jpg,archerfish,0,250,72,304,0,2019-01-20 10_04.avi,350
2019-01-20 10_04_350.jpg,archerfish,72,222,124,271,0,2019-01-20 10_04.avi,350
2019-01-20 10_04_360.jpg,archerfish,0,250,72,304,0,2019-01-20 10_04.avi,360
2019-01-20 10_04_360.jpg,archerfish,60,239,120,281,0,2019-01-20 10_04.avi,360
2019-01-20 10_04_370.jpg,archerfish,0,245,49,302,0,2019-01-20 10_04.avi,370
2019-01-20 10_04_370.jpg,archerfish,43,233,119,284,0,2019-01-20 10_04.avi,370
2019-01-20 10_04_380.jpg,archerfish,25,227,104,287,0,2019-01-20 10_04.avi,380
2019-01-20 10_04_380.jpg,archerfish,22,233,106,286,0,2019-01-20 10_04.avi,380
2019-01-20 10_04_390.jpg,archerfish,12,238,93,284,0,2019-01-20 10_04.avi,390
2019-01-20 10_04_390.jpg,archerfish,6,238,99,285,0,2019-01-20 10_04.avi,390
2019-01-20 10_04_400.jpg,archerfish,12,238,93,284,0,2019-01-20 10_04.avi,400
2019-01-20 10_04_400.jpg,archerfish,6,238,99,285,0,2019-01-20 10_04.avi,400
2019-01-20 10_04_410.jpg,archerfish,12,238,93,284,0,2019-01-20 10_04.avi,410
2019-01-20 10_04_410.jpg,archerfish,6,238,99,285,0,2019-01-20 10_04.avi,410
2019-01-20 10_04_420.jpg,archerfish,0,237,37,283,0,2019-01-20 10_04.avi,420
2019-01-20 10_04_420.jpg,archerfish,0,233,41,286,0,2019-01-20 10_04.avi,420
2019-01-20 10_04_430.jpg,archerfish,0,237,37,283,0,2019-01-20 10_04.avi,430
2019-01-20 10_04_430.jpg,archerfish,0,233,41,286,0,2019-01-20 10_04.avi,430
2019-01-20 10_04_440.jpg,archerfish,0,237,37,283,0,2019-01-20 10_04.avi,440
2019-01-20 10_04_440.jpg,archerfish,0,233,41,286,0,2019-01-20 10_04.avi,440
2019-01-20 10_04_450.jpg,archerfish,0,225,55,291,0,2019-01-20 10_04.avi,450
2019-01-20 10_04_450.jpg,archerfish,0,233,41,286,0,2019-01-20 10_04.avi,450
2019-01-20 10_04_460.jpg,archerfish,0,222,75,289,0,2019-01-20 10_04.avi,460
2019-01-20 10_04_460.jpg,archerfish,0,233,41,286,0,2019-01-20 10_04.avi,460
2019-01-20 10_04_470.jpg,archerfish,15,224,106,274,0,2019-01-20 10_04.avi,470
2019-01-20 10_04_470.jpg,archerfish,42,203,98,250,0,2019-01-20 10_04.avi,470
2019-01-20 10_04_480.jpg,archerfish,0,223,65,277,0,2019-01-20 10_04.avi,480
2019-01-20 10_04_480.jpg,archerfish,42,203,98,250,0,2019-01-20 10_04.avi,480
2019-01-20 10_04_490.jpg,archerfish,0,215,48,266,0,2019-01-20 10_04.avi,490
2019-01-20 10_04_490.jpg,archerfish,42,203,98,250,0,2019-01-20 10_04.avi,490
2019-01-20 10_04_500.jpg,archerfish,0,212,43,264,0,2019-01-20 10_04.avi,500
2019-01-20 10_04_500.jpg,archerfish,42,203,98,250,0,2019-01-20 10_04.avi,500
2019-01-20 10_04_510.jpg,archerfish,0,212,43,264,0,2019-01-20 10_04.avi,510
2019-01-20 10_04_510.jpg,archerfish,42,203,98,250,0,2019-01-20 10_04.avi,510
2019-01-20 10_04_520.jpg,archerfish,0,212,43,264,0,2019-01-20 10_04.avi,520
2019-01-20 10_04_520.jpg,archerfish,42,203,98,250,0,2019-01-20 10_04.avi,520
2019-01-20 10_04_530.jpg,archerfish,0,212,43,264,0,2019-01-20 10_04.avi,530
2019-01-20 10_04_530.jpg,archerfish,42,203,98,250,0,2019-01-20 10_04.avi,530
2019-01-20 10_04_540.jpg,archerfish,0,212,43,264,0,2019-01-20 10_04.avi,540
2019-01-20 10_04_540.jpg,archerfish,42,203,98,250,0,2019-01-20 10_04.avi,540
2019-01-20 10_04_550.jpg,archerfish,59,185,134,244,0,2019-01-20 10_04.avi,550
2019-01-20 10_04_550.jpg,archerfish,56,184,140,247,0,2019-01-20 10_04.avi,550
2019-01-20 10_04_560.jpg,archerfish,0,183,57,245,0,2019-01-20 10_04.avi,560
2019-01-20 10_04_560.jpg,archerfish,56,184,140,247,0,2019-01-20 10_04.avi,560
2019-01-20 10_04_570.jpg,archerfish,14,170,87,230,0,2019-01-20 10_04.avi,570
2019-01-20 10_04_570.jpg,archerfish,74,169,151,232,0,2019-01-20 10_04.avi,570
2019-01-20 10_04_580.jpg,archerfish,41,165,118,219,0,2019-01-20 10_04.avi,580
2019-01-20 10_04_580.jpg,archerfish,74,169,151,232,0,2019-01-20 10_04.avi,580
2019-01-20 10_04_590.jpg,archerfish,57,162,159,229,0,2019-01-20 10_04.avi,590
2019-01-20 10_04_590.jpg,archerfish,74,169,151,232,0,2019-01-20 10_04.avi,590
2019-01-20 10_04_600.jpg,archerfish,64,177,136,229,0,2019-01-20 10_04.avi,600
2019-01-20 10_04_600.jpg,archerfish,118,164,185,220,0,2019-01-20 10_04.avi,600
2019-01-20 10_04_610.jpg,archerfish,48,185,146,235,0,2019-01-20 10_04.avi,610
2019-01-20 10_04_610.jpg,archerfish,151,179,191,231,0,2019-01-20 10_04.avi,610
2019-01-20 10_04_620.jpg,archerfish,75,185,122,233,0,2019-01-20 10_04.avi,620
2019-01-20 10_04_620.jpg,archerfish,135,193,200,241,0,2019-01-20 10_04.avi,620
2019-01-20 10_04_630.jpg,archerfish,75,185,122,233,0,2019-01-20 10_04.avi,630
2019-01-20 10_04_630.jpg,archerfish,73,220,171,266,0,2019-01-20 10_04.avi,630
2019-01-20 10_04_640.jpg,archerfish,75,185,122,233,0,2019-01-20 10_04.avi,640
2019-01-20 10_04_640.jpg,archerfish,6,234,111,286,0,2019-01-20 10_04.avi,640
2019-01-20 10_04_650.jpg,archerfish,75,185,122,233,0,2019-01-20 10_04.avi,650
2019-01-20 10_04_650.jpg,archerfish,0,235,57,287,0,2019-01-20 10_04.avi,650
2019-01-20 10_04_660.jpg,archerfish,72,187,119,235,0,2019-01-20 10_04.avi,660
2019-01-20 10_04_660.jpg,archerfish,75,184,123,236,0,2019-01-20 10_04.avi,660
2019-01-20 10_04_670.jpg,archerfish,72,187,119,235,0,2019-01-20 10_04.avi,670
2019-01-20 10_04_670.jpg,archerfish,75,184,123,236,0,2019-01-20 10_04.avi,670
2019-01-20 10_04_680.jpg,archerfish,72,187,119,235,0,2019-01-20 10_04.avi,680
2019-01-20 10_04_680.jpg,archerfish,0,208,38,256,0,2019-01-20 10_04.avi,680
2019-01-20 10_04_690.jpg,archerfish,72,187,119,235,0,2019-01-20 10_04.avi,690
2019-01-20 10_04_690.jpg,archerfish,0,207,56,258,0,2019-01-20 10_04.avi,690
2019-01-20 10_04_700.jpg,archerfish,60,187,131,235,0,2019-01-20 10_04.avi,700
2019-01-20 10_04_700.jpg,archerfish,0,201,62,255,0,2019-01-20 10_04.avi,700
2019-01-20 10_04_710.jpg,archerfish,67,187,152,236,0,2019-01-20 10_04.avi,710
2019-01-20 10_04_710.jpg,archerfish,1,203,70,251,0,2019-01-20 10_04.avi,710
2019-01-20 10_04_720.jpg,archerfish,65,180,156,234,0,2019-01-20 10_04.avi,720
2019-01-20 10_04_720.jpg,archerfish,4,199,79,253,0,2019-01-20 10_04.avi,720
2019-01-20 10_04_730.jpg,archerfish,72,183,161,235,0,2019-01-20 10_04.avi,730
2019-01-20 10_04_730.jpg,archerfish,15,203,74,248,0,2019-01-20 10_04.avi,730
2019-01-20 10_04_740.jpg,archerfish,81,172,160,234,0,2019-01-20 10_04.avi,740
2019-01-20 10_04_740.jpg,archerfish,31,194,70,241,0,2019-01-20 10_04.avi,740
2019-01-20 10_04_750.jpg,archerfish,81,172,160,234,0,2019-01-20 10_04.avi,750
2019-01-20 10_04_750.jpg,archerfish,31,194,70,241,0,2019-01-20 10_04.avi,750
2019-01-20 10_04_760.jpg,archerfish,72,170,161,225,0,2019-01-20 10_04.avi,760
2019-01-20 10_04_760.jpg,archerfish,16,195,71,243,0,2019-01-20 10_04.avi,760
2019-01-20 10_04_770.jpg,archerfish,72,170,161,225,0,2019-01-20 10_04.avi,770
2019-01-20 10_04_770.jpg,archerfish,16,195,71,243,0,2019-01-20 10_04.avi,770
2019-01-20 10_04_780.jpg,archerfish,73,165,165,225,0,2019-01-20 10_04.avi,780
2019-01-20 10_04_780.jpg,archerfish,16,195,71,243,0,2019-01-20 10_04.avi,780
2019-01-20 10_04_790.jpg,archerfish,77,156,163,220,0,2019-01-20 10_04.avi,790
2019-01-20 10_04_790.jpg,archerfish,16,195,71,243,0,2019-01-20 10_04.avi,790
2019-01-20 10_04_800.jpg,archerfish,77,156,163,220,0,2019-01-20 10_04.avi,800
2019-01-20 10_04_800.jpg,archerfish,16,195,71,243,0,2019-01-20 10_04.avi,800
2019-01-20 10_04_810.jpg,archerfish,77,156,163,220,0,2019-01-20 10_04.avi,810
2019-01-20 10_04_810.jpg,archerfish,16,195,71,243,0,2019-01-20 10_04.avi,810
2019-01-20 10_04_820.jpg,archerfish,77,156,163,220,0,2019-01-20 10_04.avi,820
2019-01-20 10_04_820.jpg,archerfish,16,195,71,243,0,2019-01-20 10_04.avi,820
2019-01-20 10_04_830.jpg,archerfish,64,149,157,215,0,2019-01-20 10_04.avi,830
2019-01-20 10_04_830.jpg,archerfish,27,197,65,240,0,2019-01-20 10_04.avi,830
2019-01-20 10_04_840.jpg,archerfish,64,153,155,213,0,2019-01-20 10_04.avi,840
2019-01-20 10_04_840.jpg,archerfish,25,196,75,237,0,2019-01-20 10_04.avi,840
2019-01-20 10_04_850.jpg,archerfish,60,156,167,213,0,2019-01-20 10_04.avi,850
2019-01-20 10_04_850.jpg,archerfish,26,188,104,237,0,2019-01-20 10_04.avi,850
2019-01-20 10_04_860.jpg,archerfish,60,156,167,213,0,2019-01-20 10_04.avi,860
2019-01-20 10_04_860.jpg,archerfish,39,192,127,237,0,2019-01-20 10_04.avi,860
2019-01-20 10_04_870.jpg,archerfish,60,156,167,213,0,2019-01-20 10_04.avi,870
2019-01-20 10_04_870.jpg,archerfish,56,192,143,231,0,2019-01-20 10_04.avi,870
2019-01-20 10_04_880.jpg,archerfish,57,160,164,205,0,2019-01-20 10_04.avi,880
2019-01-20 10_04_880.jpg,archerfish,71,190,165,230,0,2019-01-20 10_04.avi,880
2019-01-20 10_04_890.jpg,archerfish,61,156,167,200,0,2019-01-20 10_04.avi,890
2019-01-20 10_04_890.jpg,archerfish,92,185,186,225,0,2019-01-20 10_04.avi,890
2019-01-20 10_04_900.jpg,archerfish,67,162,173,206,0,2019-01-20 10_04.avi,900
2019-01-20 10_04_900.jpg,archerfish,105,188,199,228,0,2019-01-20 10_04.avi,900
2019-01-20 10_04_910.jpg,archerfish,58,171,164,215,0,2019-01-20 10_04.avi,910
2019-01-20 10_04_910.jpg,archerfish,117,191,211,231,0,2019-01-20 10_04.avi,910
2019-01-20 10_04_920.jpg,archerfish,0,211,34,262,0,2019-01-20 10_04.avi,920
2019-01-20 10_04_920.jpg,archerfish,72,255,116,299,0,2019-01-20 10_04.avi,920
2019-01-20 10_04_930.jpg,archerfish,0,211,34,262,0,2019-01-20 10_04.avi,930
2019-01-20 10_04_930.jpg,archerfish,75,251,127,299,0,2019-01-20 10_04.avi,930
2019-01-20 10_04_940.jpg,archerfish,0,211,34,262,0,2019-01-20 10_04.avi,940
2019-01-20 10_04_940.jpg,archerfish,76,245,134,296,0,2019-01-20 10_04.avi,940
2019-01-20 10_04_950.jpg,archerfish,0,211,34,262,0,2019-01-20 10_04.avi,950
2019-01-20 10_04_950.jpg,archerfish,79,239,144,292,0,2019-01-20 10_04.avi,950
2019-01-20 10_04_960.jpg,archerfish,0,211,34,262,0,2019-01-20 10_04.avi,960
2019-01-20 10_04_960.jpg,archerfish,92,236,147,289,0,2019-01-20 10_04.avi,960
2019-01-20 10_04_970.jpg,archerfish,0,211,34,262,0,2019-01-20 10_04.avi,970
2019-01-20 10_04_970.jpg,archerfish,96,226,147,288,0,2019-01-20 10_04.avi,970
2019-01-20 10_04_980.jpg,archerfish,0,211,34,262,0,2019-01-20 10_04.avi,980
2019-01-20 10_04_980.jpg,archerfish,91,219,160,282,0,2019-01-20 10_04.avi,980
2019-01-20 10_04_990.jpg,archerfish,0,211,34,262,0,2019-01-20 10_04.avi,990
2019-01-20 10_04_990.jpg,archerfish,98,223,163,279,0,2019-01-20 10_04.avi,990
2019-01-20 10_04_1000.jpg,archerfish,0,211,34,262,0,2019-01-20 10_04.avi,1000
2019-01-20 10_04_1000.jpg,archerfish,106,218,172,279,0,2019-01-20 10_04.avi,1000
2019-01-20 10_04_1010.jpg,archerfish,0,191,58,243,0,2019-01-20 10_04.avi,1010
2019-01-20 10_04_1010.jpg,archerfish,108,194,175,265,0,2019-01-20 10_04.avi,1010
2019-01-20 10_04_1020.jpg,archerfish,27,168,100,233,0,2019-01-20 10_04.avi,1020
2019-01-20 10_04_1020.jpg,archerfish,120,187,177,259,0,2019-01-20 10_04.avi,1020
2019-01-20 10_04_1030.jpg,archerfish,48,166,124,222,0,2019-01-20 10_04.avi,1030
2019-01-20 10_04_1030.jpg,archerfish,110,191,170,256,0,2019-01-20 10_04.avi,1030
2019-01-20 10_04_1040.jpg,archerfish,56,160,145,212,0,2019-01-20 10_04.avi,1040
2019-01-20 10_04_1040.jpg,archerfish,113,191,169,251,0,2019-01-20 10_04.avi,1040
2019-01-20 10_04_1050.jpg,archerfish,66,152,156,205,0,2019-01-20 10_04.avi,1050
2019-01-20 10_04_1050.jpg,archerfish,111,189,168,253,0,2019-01-20 10_04.avi,1050
2019-01-20 10_04_1060.jpg,archerfish,106,157,144,195,0,2019-01-20 10_04.avi,1060
2019-01-20 10_04_1060.jpg,archerfish,111,189,168,253,0,2019-01-20 10_04.avi,1060
2019-01-20 10_04_1070.jpg,archerfish,88,150,139,196,0,2019-01-20 10_04.avi,1070
2019-01-20 10_04_1070.jpg,archerfish,111,189,168,253,0,2019-01-20 10_04.avi,1070
2019-01-20 10_04_1080.jpg,archerfish,63,150,133,196,0,2019-01-20 10_04.avi,1080
2019-01-20 10_04_1080.jpg,archerfish,93,188,166,256,0,2019-01-20 10_04.avi,1080
2019-01-20 10_04_1090.jpg,archerfish,21,147,103,202,0,2019-01-20 10_04.avi,1090
2019-01-20 10_04_1090.jpg,archerfish,42,202,169,266,0,2019-01-20 10_04.avi,1090
2019-01-20 10_04_1100.jpg,archerfish,18,156,90,202,0,2019-01-20 10_04.avi,1100
2019-01-20 10_04_1100.jpg,archerfish,40,208,152,261,0,2019-01-20 10_04.avi,1100
2019-01-20 10_04_1110.jpg,archerfish,11,156,50,214,0,2019-01-20 10_04.avi,1110
2019-01-20 10_04_1110.jpg,archerfish,40,208,152,261,0,2019-01-20 10_04.avi,1110
2019-01-20 10_04_1120.jpg,archerfish,0,175,72,225,0,2019-01-20 10_04.avi,1120
2019-01-20 10_04_1120.jpg,archerfish,40,208,152,261,0,2019-01-20 10_04.avi,1120
2019-01-20 10_04_1130.jpg,archerfish,8,181,86,231,0,2019-01-20 10_04.avi,1130
2019-01-20 10_04_1130.jpg,archerfish,40,208,152,261,0,2019-01-20 10_04.avi,1130
2019-01-20 10_04_1140.jpg,archerfish,33,179,91,228,0,2019-01-20 10_04.avi,1140
2019-01-20 10_04_1140.jpg,archerfish,40,208,152,261,0,2019-01-20 10_04.avi,1140
2019-01-20 10_04_1150.jpg,archerfish,31,181,85,230,0,2019-01-20 10_04.avi,1150
2019-01-20 10_04_1150.jpg,archerfish,40,208,152,261,0,2019-01-20 10_04.avi,1150
2019-01-20 10_04_1160.jpg,archerfish,19,190,82,229,0,2019-01-20 10_04.avi,1160
2019-01-20 10_04_1160.jpg,archerfish,0,216,129,269,0,2019-01-20 10_04.avi,1160
2019-01-20 10_04_1170.jpg,archerfish,0,185,81,230,0,2019-01-20 10_04.avi,1170
2019-01-20 10_04_1170.jpg,archerfish,0,214,114,270,0,2019-01-20 10_04.avi,1170
2019-01-20 10_04_1180.jpg,archerfish,0,181,54,229,0,2019-01-20 10_04.avi,1180
2019-01-20 10_04_1180.jpg,archerfish,0,216,110,276,0,2019-01-20 10_04.avi,1180
2019-01-20 10_04_1190.jpg,archerfish,0,182,19,216,0,2019-01-20 10_04.avi,1190
2019-01-20 10_04_1190.jpg,archerfish,16,213,112,275,0,2019-01-20 10_04.avi,1190
2019-01-20 10_04_1200.jpg,archerfish,0,182,19,216,0,2019-01-20 10_04.avi,1200
2019-01-20 10_04_1200.jpg,archerfish,16,213,112,275,0,2019-01-20 10_04.avi,1200
2019-01-20 10_04_1210.jpg,archerfish,0,182,19,216,0,2019-01-20 10_04.avi,1210
2019-01-20 10_04_1210.jpg,archerfish,16,213,112,275,0,2019-01-20 10_04.avi,1210
2019-01-20 10_04_1220.jpg,archerfish,23,196,65,261,0,2019-01-20 10_04.avi,1220
2019-01-20 10_04_1220.jpg,archerfish,0,146,22,201,0,2019-01-20 10_04.avi,1220
2019-01-20 10_04_1230.jpg,archerfish,23,196,65,261,0,2019-01-20 10_04.avi,1230
2019-01-20 10_04_1230.jpg,archerfish,22,204,0,149,0,2019-01-20 10_04.avi,1230
2019-01-20 10_04_1240.jpg,archerfish,25,192,111,260,0,2019-01-20 10_04.avi,1240
2019-01-20 10_04_1240.jpg,archerfish,22,204,0,149,0,2019-01-20 10_04.avi,1240
2019-01-20 10_04_1250.jpg,archerfish,25,192,111,260,0,2019-01-20 10_04.avi,1250
2019-01-20 10_04_1250.jpg,archerfish,-11,144,11,198,0,2019-01-20 10_04.avi,1250
2019-01-20 10_04_1260.jpg,archerfish,69,181,155,249,0,2019-01-20 10_04.avi,1260
2019-01-20 10_04_1260.jpg,archerfish,-11,144,11,198,0,2019-01-20 10_04.avi,1260
2019-01-20 10_04_1270.jpg,archerfish,83,177,169,245,0,2019-01-20 10_04.avi,1270
2019-01-20 10_04_1270.jpg,archerfish,-11,144,11,198,0,2019-01-20 10_04.avi,1270
2019-01-20 10_04_1280.jpg,archerfish,91,175,184,234,0,2019-01-20 10_04.avi,1280
2019-01-20 10_04_1280.jpg,archerfish,-11,144,11,198,0,2019-01-20 10_04.avi,1280
2019-01-20 10_04_1290.jpg,archerfish,123,177,182,236,0,2019-01-20 10_04.avi,1290
2019-01-20 10_04_1290.jpg,archerfish,51,181,0,217,0,2019-01-20 10_04.avi,1290
2019-01-20 10_04_1300.jpg,archerfish,123,177,182,236,0,2019-01-20 10_04.avi,1300
2019-01-20 10_04_1300.jpg,archerfish,51,181,0,217,0,2019-01-20 10_04.avi,1300
2019-01-20 10_04_1310.jpg,archerfish,117,172,196,224,0,2019-01-20 10_04.avi,1310
2019-01-20 10_04_1310.jpg,archerfish,72,179,0,236,0,2019-01-20 10_04.avi,1310
2019-01-20 10_04_1320.jpg,archerfish,109,169,187,221,0,2019-01-20 10_04.avi,1320
2019-01-20 10_04_1320.jpg,archerfish,1,182,73,238,0,2019-01-20 10_04.avi,1320
2019-01-20 10_04_1330.jpg,archerfish,100,167,178,219,0,2019-01-20 10_04.avi,1330
2019-01-20 10_04_1330.jpg,archerfish,14,180,86,236,0,2019-01-20 10_04.avi,1330
2019-01-20 10_04_1340.jpg,archerfish,90,168,168,220,0,2019-01-20 10_04.avi,1340
2019-01-20 10_04_1340.jpg,archerfish,22,185,94,241,0,2019-01-20 10_04.avi,1340
2019-01-20 10_04_1350.jpg,archerfish,83,168,161,220,0,2019-01-20 10_04.avi,1350
2019-01-20 10_04_1350.jpg,archerfish,41,189,77,233,0,2019-01-20 10_04.avi,1350
2019-01-20 10_04_1360.jpg,archerfish,65,168,143,220,0,2019-01-20 10_04.avi,1360
2019-01-20 10_04_1360.jpg,archerfish,34,190,70,234,0,2019-01-20 10_04.avi,1360
2019-01-20 10_04_1370.jpg,archerfish,53,169,131,221,0,2019-01-20 10_04.avi,1370
2019-01-20 10_04_1370.jpg,archerfish,16,186,75,231,0,2019-01-20 10_04.avi,1370
2019-01-20 10_04_1380.jpg,archerfish,102,184,180,236,0,2019-01-20 10_04.avi,1380
2019-01-20 10_04_1380.jpg,archerfish,11,198,99,255,0,2019-01-20 10_04.avi,1380
2019-01-20 10_04_1390.jpg,archerfish,108,193,186,245,0,2019-01-20 10_04.avi,1390
2019-01-20 10_04_1390.jpg,archerfish,5,196,93,252,0,2019-01-20 10_04.avi,1390
2019-01-20 10_04_1400.jpg,archerfish,116,201,194,253,0,2019-01-20 10_04.avi,1400
2019-01-20 10_04_1400.jpg,archerfish,-3,197,85,253,0,2019-01-20 10_04.avi,1400
2019-01-20 10_04_1410.jpg,archerfish,121,198,199,250,0,2019-01-20 10_04.avi,1410
2019-01-20 10_04_1410.jpg,archerfish,-1,197,87,253,0,2019-01-20 10_04.avi,1410
2019-01-20 10_04_1420.jpg,archerfish,121,198,199,250,0,2019-01-20 10_04.avi,1420
2019-01-20 10_04_1420.jpg,archerfish,-1,197,87,253,0,2019-01-20 10_04.avi,1420
2019-01-20 10_04_1430.jpg,archerfish,126,207,204,259,0,2019-01-20 10_04.avi,1430
2019-01-20 10_04_1430.jpg,archerfish,-14,201,74,257,0,2019-01-20 10_04.avi,1430
2019-01-20 10_04_1440.jpg,archerfish,142,218,220,270,0,2019-01-20 10_04.avi,1440
2019-01-20 10_04_1440.jpg,archerfish,-14,201,74,257,0,2019-01-20 10_04.avi,1440
2019-01-20 10_04_1450.jpg,archerfish,175,229,253,281,0,2019-01-20 10_04.avi,1450
2019-01-20 10_04_1450.jpg,archerfish,-26,204,62,260,0,2019-01-20 10_04.avi,1450
2019-01-20 10_04_1460.jpg,archerfish,198,241,276,293,0,2019-01-20 10_04.avi,1460
2019-01-20 10_04_1460.jpg,archerfish,-29,207,59,263,0,2019-01-20 10_04.avi,1460
2019-01-20 10_04_1470.jpg,archerfish,193,227,271,279,0,2019-01-20 10_04.avi,1470
2019-01-20 10_04_1470.jpg,archerfish,-36,208,52,264,0,2019-01-20 10_04.avi,1470
2019-01-20 10_04_1480.jpg,archerfish,185,218,263,270,0,2019-01-20 10_04.avi,1480
2019-01-20 10_04_1480.jpg,archerfish,-36,208,52,264,0,2019-01-20 10_04.avi,1480
2019-01-20 10_04_1490.jpg,archerfish,184,216,262,268,0,2019-01-20 10_04.avi,1490
2019-01-20 10_04_1490.jpg,archerfish,-44,203,44,259,0,2019-01-20 10_04.avi,1490
2019-01-20 10_04_1500.jpg,archerfish,176,205,254,257,0,2019-01-20 10_04.avi,1500
2019-01-20 10_04_1500.jpg,archerfish,-44,200,44,256,0,2019-01-20 10_04.avi,1500
2019-01-20 10_04_1510.jpg,archerfish,176,205,254,257,0,2019-01-20 10_04.avi,1510
2019-01-20 10_04_1510.jpg,archerfish,-44,200,44,256,0,2019-01-20 10_04.avi,1510
2019-01-20 10_04_1520.jpg,archerfish,156,197,234,249,0,2019-01-20 10_04.avi,1520
2019-01-20 10_04_1520.jpg,archerfish,-44,200,44,256,0,2019-01-20 10_04.avi,1520
2019-01-20 10_04_1530.jpg,archerfish,110,180,188,232,0,2019-01-20 10_04.avi,1530
2019-01-20 10_04_1530.jpg,archerfish,-44,200,44,256,0,2019-01-20 10_04.avi,1530
2019-01-20 10_04_1540.jpg,archerfish,88,172,166,224,0,2019-01-20 10_04.avi,1540
2019-01-20 10_04_1540.jpg,archerfish,-44,200,44,256,0,2019-01-20 10_04.avi,1540
2019-01-20 10_04_1550.jpg,archerfish,66,173,144,225,0,2019-01-20 10_04.avi,1550
2019-01-20 10_04_1550.jpg,archerfish,-44,200,44,256,0,2019-01-20 10_04.avi,1550
2019-01-20 10_04_1560.jpg,archerfish,45,172,123,224,0,2019-01-20 10_04.avi,1560
2019-01-20 10_04_1560.jpg,archerfish,-44,200,44,256,0,2019-01-20 10_04.avi,1560
2019-01-20 10_04_1570.jpg,archerfish,28,188,106,240,0,2019-01-20 10_04.avi,1570
2019-01-20 10_04_1570.jpg,archerfish,-44,200,44,256,0,2019-01-20 10_04.avi,1570
2019-01-20 10_04_1580.jpg,archerfish,29,200,107,252,0,2019-01-20 10_04.avi,1580
2019-01-20 10_04_1580.jpg,archerfish,-44,200,44,256,0,2019-01-20 10_04.avi,1580
2019-01-20 10_04_1590.jpg,archerfish,31,210,109,262,0,2019-01-20 10_04.avi,1590
2019-01-20 10_04_1590.jpg,archerfish,-44,200,44,256,0,2019-01-20 10_04.avi,1590
2019-01-20 10_04_1600.jpg,archerfish,80,227,158,279,0,2019-01-20 10_04.avi,1600
2019-01-20 10_04_1600.jpg,archerfish,-44,200,44,256,0,2019-01-20 10_04.avi,1600
2019-01-20 10_04_1610.jpg,archerfish,118,227,196,279,0,2019-01-20 10_04.avi,1610
2019-01-20 10_04_1610.jpg,archerfish,-44,200,44,256,0,2019-01-20 10_04.avi,1610
2019-01-20 10_04_1620.jpg,archerfish,128,223,206,275,0,2019-01-20 10_04.avi,1620
2019-01-20 10_04_1620.jpg,archerfish,-44,200,44,256,0,2019-01-20 10_04.avi,1620
2019-01-20 10_04_1630.jpg,archerfish,146,207,224,259,0,2019-01-20 10_04.avi,1630
2019-01-20 10_04_1630.jpg,archerfish,-44,200,44,256,0,2019-01-20 10_04.avi,1630
2019-01-20 10_04_1640.jpg,archerfish,155,193,233,245,0,2019-01-20 10_04.avi,1640
2019-01-20 10_04_1640.jpg,archerfish,-44,200,44,256,0,2019-01-20 10_04.avi,1640
2019-01-20 10_04_1650.jpg,archerfish,149,200,227,252,0,2019-01-20 10_04.avi,1650
2019-01-20 10_04_1650.jpg,archerfish,-44,200,44,256,0,2019-01-20 10_04.avi,1650
2019-01-20 10_04_1660.jpg,archerfish,166,193,244,245,0,2019-01-20 10_04.avi,1660
2019-01-20 10_04_1660.jpg,archerfish,-44,200,44,256,0,2019-01-20 10_04.avi,1660
2019-01-20 10_04_1670.jpg,archerfish,181,193,259,245,0,2019-01-20 10_04.avi,1670
2019-01-20 10_04_1670.jpg,archerfish,-44,200,44,256,0,2019-01-20 10_04.avi,1670
2019-01-20 10_04_1680.jpg,archerfish,181,193,259,245,0,2019-01-20 10_04.avi,1680
2019-01-20 10_04_1680.jpg,archerfish,-44,200,44,256,0,2019-01-20 10_04.avi,1680
2019-01-20 10_04_1690.jpg,archerfish,199,190,277,242,0,2019-01-20 10_04.avi,1690
2019-01-20 10_04_1690.jpg,archerfish,-44,200,44,256,0,2019-01-20 10_04.avi,1690
2019-01-20 10_04_1700.jpg,archerfish,199,191,277,243,0,2019-01-20 10_04.avi,1700
2019-01-20 10_04_1700.jpg,archerfish,-44,200,44,256,0,2019-01-20 10_04.avi,1700
2019-01-20 10_04_1710.jpg,archerfish,199,191,277,243,0,2019-01-20 10_04.avi,1710
2019-01-20 10_04_1710.jpg,archerfish,-44,200,44,256,0,2019-01-20 10_04.avi,1710
2019-01-20 10_04_1720.jpg,archerfish,199,191,277,243,0,2019-01-20 10_04.avi,1720
2019-01-20 10_04_1720.jpg,archerfish,-44,200,44,256,0,2019-01-20 10_04.avi,1720
2019-01-20 10_04_1730.jpg,archerfish,197,198,275,250,0,2019-01-20 10_04.avi,1730
2019-01-20 10_04_1730.jpg,archerfish,-44,200,44,256,0,2019-01-20 10_04.avi,1730
2019-01-20 10_04_1740.jpg,archerfish,197,198,275,250,0,2019-01-20 10_04.avi,1740
2019-01-20 10_04_1740.jpg,archerfish,-44,200,44,256,0,2019-01-20 10_04.avi,1740
2019-01-20 10_04_1750.jpg,archerfish,191,204,269,256,0,2019-01-20 10_04.avi,1750
2019-01-20 10_04_1750.jpg,archerfish,-44,200,44,256,0,2019-01-20 10_04.avi,1750
2019-01-20 10_04_1760.jpg,archerfish,161,210,239,262,0,2019-01-20 10_04.avi,1760
2019-01-20 10_04_1760.jpg,archerfish,-44,200,44,256,0,2019-01-20 10_04.avi,1760
2019-01-20 10_04_1770.jpg,archerfish,130,210,208,262,0,2019-01-20 10_04.avi,1770
2019-01-20 10_04_1770.jpg,archerfish,-44,200,44,256,0,2019-01-20 10_04.avi,1770
2019-01-20 10_04_1780.jpg,archerfish,103,195,181,247,0,2019-01-20 10_04.avi,1780
2019-01-20 10_04_1780.jpg,archerfish,-44,200,44,256,0,2019-01-20 10_04.avi,1780
2019-01-20 10_04_1790.jpg,archerfish,61,175,139,227,0,2019-01-20 10_04.avi,1790
2019-01-20 10_04_1790.jpg,archerfish,-44,200,44,256,0,2019-01-20 10_04.avi,1790
2019-01-20 10_04_1800.jpg,archerfish,40,175,118,227,0,2019-01-20 10_04.avi,1800
2019-01-20 10_04_1800.jpg,archerfish,-44,200,44,256,0,2019-01-20 10_04.avi,1800
2019-01-20 10_04_1810.jpg,archerfish,22,188,100,240,0,2019-01-20 10_04.avi,1810
2019-01-20 10_04_1810.jpg,archerfish,-44,200,44,256,0,2019-01-20 10_04.avi,1810
2019-01-20 10_04_1820.jpg,archerfish,19,202,97,254,0,2019-01-20 10_04.avi,1820
2019-01-20 10_04_1820.jpg,archerfish,-44,200,44,256,0,2019-01-20 10_04.avi,1820
2019-01-20 10_04_1830.jpg,archerfish,20,210,98,262,0,2019-01-20 10_04.avi,1830
2019-01-20 10_04_1830.jpg,archerfish,-44,200,44,256,0,2019-01-20 10_04.avi,1830
2019-01-20 10_04_1840.jpg,archerfish,-17,192,61,244,0,2019-01-20 10_04.avi,1840
2019-01-20 10_04_1840.jpg,archerfish,-44,200,44,256,0,2019-01-20 10_04.avi,1840
2019-01-20 10_04_1850.jpg,archerfish,-17,192,61,244,0,2019-01-20 10_04.avi,1850
2019-01-20 10_04_1850.jpg,archerfish,-44,200,44,256,0,2019-01-20 10_04.avi,1850
2019-01-20 10_04_1860.jpg,archerfish,-17,192,61,244,0,2019-01-20 10_04.avi,1860
2019-01-20 10_04_1860.jpg,archerfish,-44,200,44,256,0,2019-01-20 10_04.avi,1860
2019-01-20 10_04_1870.jpg,archerfish,-17,192,61,244,0,2019-01-20 10_04.avi,1870
2019-01-20 10_04_1870.jpg,archerfish,-44,200,44,256,0,2019-01-20 10_04.avi,1870
2019-01-20 10_04_1880.jpg,archerfish,-17,192,61,244,0,2019-01-20 10_04.avi,1880
2019-01-20 10_04_1880.jpg,archerfish,-44,200,44,256,0,2019-01-20 10_04.avi,1880
2019-01-20 10_04_1890.jpg,archerfish,-17,192,61,244,0,2019-01-20 10_04.avi,1890
2019-01-20 10_04_1890.jpg,archerfish,-44,200,44,256,0,2019-01-20 10_04.avi,1890
2019-01-20 10_04_1900.jpg,archerfish,-17,192,61,244,0,2019-01-20 10_04.avi,1900
2019-01-20 10_04_1900.jpg,archerfish,-44,200,44,256,0,2019-01-20 10_04.avi,1900
2019-01-20 10_04_1910.jpg,archerfish,-17,192,61,244,0,2019-01-20 10_04.avi,1910
2019-01-20 10_04_1910.jpg,archerfish,-44,200,44,256,0,2019-01-20 10_04.avi,1910
2019-01-20 10_04_1920.jpg,archerfish,4,188,82,240,0,2019-01-20 10_04.avi,1920
2019-01-20 10_04_1920.jpg,archerfish,-44,200,44,256,0,2019-01-20 10_04.avi,1920
2019-01-20 10_04_1930.jpg,archerfish,31,173,109,225,0,2019-01-20 10_04.avi,1930
2019-01-20 10_04_1930.jpg,archerfish,-44,200,44,256,0,2019-01-20 10_04.avi,1930
2019-01-20 10_04_1940.jpg,archerfish,49,177,127,229,0,2019-01-20 10_04.avi,1940
2019-01-20 10_04_1940.jpg,archerfish,-44,200,44,256,0,2019-01-20 10_04.avi,1940
2019-01-20 10_04_1950.jpg,archerfish,47,173,125,225,0,2019-01-20 10_04.avi,1950
2019-01-20 10_04_1950.jpg,archerfish,-34,150,54,206,0,2019-01-20 10_04.avi,1950
2019-01-20 10_04_1960.jpg,archerfish,52,171,130,223,0,2019-01-20 10_04.avi,1960
2019-01-20 10_04_1960.jpg,archerfish,-1,151,87,207,0,2019-01-20 10_04.avi,1960
2019-01-20 10_04_1970.jpg,archerfish,66,172,144,224,0,2019-01-20 10_04.avi,1970
2019-01-20 10_04_1970.jpg,archerfish,18,148,106,204,0,2019-01-20 10_04.avi,1970
2019-01-20 10_04_1980.jpg,archerfish,71,152,149,204,0,2019-01-20 10_04.avi,1980
2019-01-20 10_04_1980.jpg,archerfish,60,161,148,217,0,2019-01-20 10_04.avi,1980
2019-01-20 10_04_1990.jpg,archerfish,129,169,176,215,0,2019-01-20 10_04.avi,1990
2019-01-20 10_04_1990.jpg,archerfish,76,182,121,218,0,2019-01-20 10_04.avi,1990
2019-01-20 10_04_2000.jpg,archerfish,130,173,176,219,0,2019-01-20 10_04.avi,2000
2019-01-20 10_04_2000.jpg,archerfish,64,178,108,214,0,2019-01-20 10_04.avi,2000
2019-01-20 10_04_2010.jpg,archerfish,136,186,191,228,0,2019-01-20 10_04.avi,2010
2019-01-20 10_04_2010.jpg,archerfish,23,178,121,230,0,2019-01-20 10_04.avi,2010
2019-01-20 10_04_2020.jpg,archerfish,125,183,200,232,0,2019-01-20 10_04.avi,2020
2019-01-20 10_04_2020.jpg,archerfish,11,175,109,227,0,2019-01-20 10_04.avi,2020
2019-01-20 10_04_2030.jpg,archerfish,125,183,200,232,0,2019-01-20 10_04.avi,2030
2019-01-20 10_04_2030.jpg,archerfish,9,178,107,230,0,2019-01-20 10_04.avi,2030
2019-01-20 10_04_2040.jpg,archerfish,125,183,200,232,0,2019-01-20 10_04.avi,2040
2019-01-20 10_04_2040.jpg,archerfish,9,178,107,230,0,2019-01-20 10_04.avi,2040
2019-01-20 10_04_2050.jpg,archerfish,119,186,193,234,0,2019-01-20 10_04.avi,2050
2019-01-20 10_04_2050.jpg,archerfish,1,179,58,236,0,2019-01-20 10_04.avi,2050
2019-01-20 10_04_2060.jpg,archerfish,119,186,193,234,0,2019-01-20 10_04.avi,2060
2019-01-20 10_04_2060.jpg,archerfish,0,182,74,234,0,2019-01-20 10_04.avi,2060
2019-01-20 10_04_2070.jpg,archerfish,125,182,199,230,0,2019-01-20 10_04.avi,2070
2019-01-20 10_04_2070.jpg,archerfish,0,178,103,233,0,2019-01-20 10_04.avi,2070
2019-01-20 10_04_2080.jpg,archerfish,135,176,209,224,0,2019-01-20 10_04.avi,2080
2019-01-20 10_04_2080.jpg,archerfish,40,162,142,216,0,2019-01-20 10_04.avi,2080
2019-01-20 10_04_2090.jpg,archerfish,143,170,217,218,0,2019-01-20 10_04.avi,2090
2019-01-20 10_04_2090.jpg,archerfish,75,150,177,204,0,2019-01-20 10_04.avi,2090
2019-01-20 10_04_2100.jpg,archerfish,153,171,227,219,0,2019-01-20 10_04.avi,2100
2019-01-20 10_04_2100.jpg,archerfish,101,138,203,192,0,2019-01-20 10_04.avi,2100
2019-01-20 10_04_2110.jpg,archerfish,166,169,240,217,0,2019-01-20 10_04.avi,2110
2019-01-20 10_04_2110.jpg,archerfish,116,142,218,196,0,2019-01-20 10_04.avi,2110
2019-01-20 10_04_2120.jpg,archerfish,171,179,245,227,0,2019-01-20 10_04.avi,2120
2019-01-20 10_04_2120.jpg,archerfish,134,140,236,194,0,2019-01-20 10_04.avi,2120
2019-01-20 10_04_2130.jpg,archerfish,181,187,232,227,0,2019-01-20 10_04.avi,2130
2019-01-20 10_04_2130.jpg,archerfish,150,137,231,189,0,2019-01-20 10_04.avi,2130
2019-01-20 10_04_2140.jpg,archerfish,152,193,238,250,0,2019-01-20 10_04.avi,2140
2019-01-20 10_04_2140.jpg,archerfish,178,135,220,187,0,2019-01-20 10_04.avi,2140
2019-01-20 10_04_2150.jpg,archerfish,90,187,185,250,0,2019-01-20 10_04.avi,2150
2019-01-20 10_04_2150.jpg,archerfish,172,126,220,182,0,2019-01-20 10_04.avi,2150
2019-01-20 10_04_2160.jpg,archerfish,75,165,150,238,0,2019-01-20 10_04.avi,2160
2019-01-20 10_04_2160.jpg,archerfish,157,130,230,192,0,2019-01-20 10_04.avi,2160
2019-01-20 10_04_2170.jpg,archerfish,64,158,144,226,0,2019-01-20 10_04.avi,2170
2019-01-20 10_04_2170.jpg,archerfish,140,132,221,207,0,2019-01-20 10_04.avi,2170
2019-01-20 10_04_2180.jpg,archerfish,50,156,125,220,0,2019-01-20 10_04.avi,2180
2019-01-20 10_04_2180.jpg,archerfish,129,143,226,209,0,2019-01-20 10_04.avi,2180
2019-01-20 10_04_2190.jpg,archerfish,38,166,115,226,0,2019-01-20 10_04.avi,2190
2019-01-20 10_04_2190.jpg,archerfish,122,157,234,220,0,2019-01-20 10_04.avi,2190
2019-01-20 10_04_2200.jpg,archerfish,44,182,106,231,0,2019-01-20 10_04.avi,2200
2019-01-20 10_04_2200.jpg,archerfish,124,162,205,224,0,2019-01-20 10_04.avi,2200
2019-01-20 10_04_2210.jpg,archerfish,38,179,98,236,0,2019-01-20 10_04.avi,2210
2019-01-20 10_04_2210.jpg,archerfish,106,156,172,220,0,2019-01-20 10_04.avi,2210
2019-01-20 10_04_2220.jpg,archerfish,43,183,91,230,0,2019-01-20 10_04.avi,2220
2019-01-20 10_04_2220.jpg,archerfish,104,168,152,228,0,2019-01-20 10_04.avi,2220
2019-01-20 10_04_2230.jpg,archerfish,30,177,112,231,0,2019-01-20 10_04.avi,2230
2019-01-20 10_04_2230.jpg,archerfish,104,168,152,228,0,2019-01-20 10_04.avi,2230
2019-01-20 10_04_2240.jpg,archerfish,58,186,132,229,0,2019-01-20 10_04.avi,2240
2019-01-20 10_04_2240.jpg,archerfish,104,168,152,228,0,2019-01-20 10_04.avi,2240
2019-01-20 10_04_2250.jpg,archerfish,75,190,145,248,0,2019-01-20 10_04.avi,2250
2019-01-20 10_04_2250.jpg,archerfish,101,192,146,236,0,2019-01-20 10_04.avi,2250
2019-01-20 10_04_2260.jpg,archerfish,59,205,120,252,0,2019-01-20 10_04.avi,2260
2019-01-20 10_04_2260.jpg,archerfish,101,192,146,236,0,2019-01-20 10_04.avi,2260
2019-01-20 10_04_2270.jpg,archerfish,50,208,123,252,0,2019-01-20 10_04.avi,2270
2019-01-20 10_04_2270.jpg,archerfish,120,201,159,253,0,2019-01-20 10_04.avi,2270
2019-01-20 10_04_2280.jpg,archerfish,28,204,120,258,0,2019-01-20 10_04.avi,2280
2019-01-20 10_04_2280.jpg,archerfish,131,205,170,257,0,2019-01-20 10_04.avi,2280
2019-01-20 10_04_2290.jpg,archerfish,16,206,120,257,0,2019-01-20 10_04.avi,2290
2019-01-20 10_04_2290.jpg,archerfish,131,205,170,257,0,2019-01-20 10_04.avi,2290
2019-01-20 10_04_2300.jpg,archerfish,3,182,64,224,0,2019-01-20 10_04.avi,2300
2019-01-20 10_04_2300.jpg,archerfish,107,191,37,239,0,2019-01-20 10_04.avi,2300
2019-01-20 10_04_2310.jpg,archerfish,1,178,74,221,0,2019-01-20 10_04.avi,2310
2019-01-20 10_04_2310.jpg,archerfish,107,191,37,239,0,2019-01-20 10_04.avi,2310
2019-01-20 10_04_2320.jpg,archerfish,30,182,102,224,0,2019-01-20 10_04.avi,2320
2019-01-20 10_04_2320.jpg,archerfish,107,191,37,239,0,2019-01-20 10_04.avi,2320
2019-01-20 10_04_2330.jpg,archerfish,45,181,117,223,0,2019-01-20 10_04.avi,2330
2019-01-20 10_04_2330.jpg,archerfish,107,191,37,239,0,2019-01-20 10_04.avi,2330
2019-01-20 10_04_2340.jpg,archerfish,57,191,129,233,0,2019-01-20 10_04.avi,2340
2019-01-20 10_04_2340.jpg,archerfish,19,193,89,241,0,2019-01-20 10_04.avi,2340
2019-01-20 10_04_2350.jpg,archerfish,60,191,132,233,0,2019-01-20 10_04.avi,2350
2019-01-20 10_04_2350.jpg,archerfish,19,193,89,241,0,2019-01-20 10_04.avi,2350
2019-01-20 10_04_2360.jpg,archerfish,68,197,140,239,0,2019-01-20 10_04.avi,2360
2019-01-20 10_04_2360.jpg,archerfish,14,193,84,241,0,2019-01-20 10_04.avi,2360
2019-01-20 10_04_2370.jpg,archerfish,70,197,142,239,0,2019-01-20 10_04.avi,2370
2019-01-20 10_04_2370.jpg,archerfish,16,197,86,245,0,2019-01-20 10_04.avi,2370
2019-01-20 10_04_2380.jpg,archerfish,115,172,187,214,0,2019-01-20 10_04.avi,2380
2019-01-20 10_04_2380.jpg,archerfish,11,199,81,247,0,2019-01-20 10_04.avi,2380
2019-01-20 10_04_2390.jpg,archerfish,135,164,207,206,0,2019-01-20 10_04.avi,2390
2019-01-20 10_04_2390.jpg,archerfish,20,201,90,249,0,2019-01-20 10_04.avi,2390
2019-01-20 10_04_2400.jpg,archerfish,144,159,216,201,0,2019-01-20 10_04.avi,2400
2019-01-20 10_04_2400.jpg,archerfish,23,198,93,246,0,2019-01-20 10_04.avi,2400
2019-01-20 10_04_2410.jpg,archerfish,157,158,201,201,0,2019-01-20 10_04.avi,2410
2019-01-20 10_04_2410.jpg,archerfish,26,193,77,246,0,2019-01-20 10_04.avi,2410
2019-01-20 10_04_2420.jpg,archerfish,130,152,199,199,0,2019-01-20 10_04.avi,2420
2019-01-20 10_04_2420.jpg,archerfish,3,189,85,250,0,2019-01-20 10_04.avi,2420
2019-01-20 10_04_2430.jpg,archerfish,107,150,167,200,0,2019-01-20 10_04.avi,2430
2019-01-20 10_04_2430.jpg,archerfish,3,189,85,250,0,2019-01-20 10_04.avi,2430
2019-01-20 10_04_2440.jpg,archerfish,84,150,173,196,0,2019-01-20 10_04.avi,2440
2019-01-20 10_04_2440.jpg,archerfish,3,189,85,250,0,2019-01-20 10_04.avi,2440
2019-01-20 10_04_2450.jpg,archerfish,106,149,198,196,0,2019-01-20 10_04.avi,2450
2019-01-20 10_04_2450.jpg,archerfish,0,211,73,267,0,2019-01-20 10_04.avi,2450
2019-01-20 10_04_2460.jpg,archerfish,130,155,217,200,0,2019-01-20 10_04.avi,2460
2019-01-20 10_04_2460.jpg,archerfish,0,211,73,267,0,2019-01-20 10_04.avi,2460
2019-01-20 10_04_2470.jpg,archerfish,166,150,219,201,0,2019-01-20 10_04.avi,2470
2019-01-20 10_04_2470.jpg,archerfish,0,211,73,267,0,2019-01-20 10_04.avi,2470
2019-01-20 10_04_2480.jpg,archerfish,71,163,165,215,0,2019-01-20 10_04.avi,2480
2019-01-20 10_04_2480.jpg,archerfish,7,195,66,264,0,2019-01-20 10_04.avi,2480
2019-01-20 10_04_2490.jpg,archerfish,17,167,77,216,0,2019-01-20 10_04.avi,2490
2019-01-20 10_04_2490.jpg,archerfish,7,195,66,264,0,2019-01-20 10_04.avi,2490
2019-01-20 10_04_2500.jpg,archerfish,0,159,42,206,0,2019-01-20 10_04.avi,2500
2019-01-20 10_04_2500.jpg,archerfish,44,197,0,264,0,2019-01-20 10_04.avi,2500
2019-01-20 10_04_2510.jpg,archerfish,0,159,42,206,0,2019-01-20 10_04.avi,2510
2019-01-20 10_04_2510.jpg,archerfish,44,197,0,264,0,2019-01-20 10_04.avi,2510
2019-01-20 10_04_2520.jpg,archerfish,8,159,69,201,0,2019-01-20 10_04.avi,2520
2019-01-20 10_04_2520.jpg,archerfish,44,197,0,264,0,2019-01-20 10_04.avi,2520
2019-01-20 10_04_2530.jpg,archerfish,1,148,95,201,0,2019-01-20 10_04.avi,2530
2019-01-20 10_04_2530.jpg,archerfish,0,206,40,274,0,2019-01-20 10_04.avi,2530
2019-01-20 10_04_2540.jpg,archerfish,0,146,89,207,0,2019-01-20 10_04.avi,2540
2019-01-20 10_04_2540.jpg,archerfish,0,196,33,261,0,2019-01-20 10_04.avi,2540
2019-01-20 10_04_2550.jpg,archerfish,0,158,64,207,0,2019-01-20 10_04.avi,2550
2019-01-20 10_04_2550.jpg,archerfish,0,196,33,261,0,2019-01-20 10_04.avi,2550
2019-01-20 10_04_2560.jpg,archerfish,0,160,33,202,0,2019-01-20 10_04.avi,2560
2019-01-20 10_04_2560.jpg,archerfish,0,220,40,273,0,2019-01-20 10_04.avi,2560
2019-01-20 10_04_2570.jpg,archerfish,0,143,61,195,0,2019-01-20 10_04.avi,2570
2019-01-20 10_04_2570.jpg,archerfish,0,206,55,274,0,2019-01-20 10_04.avi,2570
2019-01-20 10_04_2580.jpg,archerfish,18,148,97,201,0,2019-01-20 10_04.avi,2580
2019-01-20 10_04_2580.jpg,archerfish,1,184,103,255,0,2019-01-20 10_04.avi,2580
2019-01-20 10_04_2590.jpg,archerfish,90,167,133,209,0,2019-01-20 10_04.avi,2590
2019-01-20 10_04_2590.jpg,archerfish,38,170,98,226,0,2019-01-20 10_04.avi,2590
2019-01-20 10_04_2600.jpg,archerfish,63,161,133,206,0,2019-01-20 10_04.avi,2600
2019-01-20 10_04_2600.jpg,archerfish,32,147,79,205,0,2019-01-20 10_04.avi,2600
2019-01-20 10_04_2610.jpg,archerfish,47,147,122,198,0,2019-01-20 10_04.avi,2610
2019-01-20 10_04_2610.jpg,archerfish,14,148,92,205,0,2019-01-20 10_04.avi,2610
2019-01-20 10_04_2620.jpg,archerfish,83,148,173,204,0,2019-01-20 10_04.avi,2620
2019-01-20 10_04_2620.jpg,archerfish,28,161,78,205,0,2019-01-20 10_04.avi,2620
2019-01-20 10_04_2630.jpg,archerfish,121,158,198,204,0,2019-01-20 10_04.avi,2630
2019-01-20 10_04_2630.jpg,archerfish,31,156,111,214,0,2019-01-20 10_04.avi,2630
2019-01-20 10_04_2640.jpg,archerfish,55,155,120,201,0,2019-01-20 10_04.avi,2640
2019-01-20 10_04_2640.jpg,archerfish,84,161,162,208,0,2019-01-20 10_04.avi,2640
2019-01-20 10_04_2650.jpg,archerfish,32,157,102,212,0,2019-01-20 10_04.avi,2650
2019-01-20 10_04_2650.jpg,archerfish,127,154,180,207,0,2019-01-20 10_04.avi,2650
2019-01-20 10_04_2660.jpg,archerfish,15,159,96,218,0,2019-01-20 10_04.avi,2660
2019-01-20 10_04_2660.jpg,archerfish,96,147,189,209,0,2019-01-20 10_04.avi,2660
2019-01-20 10_04_2670.jpg,archerfish,9,166,88,225,0,2019-01-20 10_04.avi,2670
2019-01-20 10_04_2670.jpg,archerfish,81,150,161,206,0,2019-01-20 10_04.avi,2670
2019-01-20 10_04_2680.jpg,archerfish,14,178,95,232,0,2019-01-20 10_04.avi,2680
2019-01-20 10_04_2680.jpg,archerfish,62,155,125,205,0,2019-01-20 10_04.avi,2680
2019-01-20 10_04_2690.jpg,archerfish,7,176,85,233,0,2019-01-20 10_04.avi,2690
2019-01-20 10_04_2690.jpg,archerfish,52,160,127,212,0,2019-01-20 10_04.avi,2690
2019-01-20 10_04_2700.jpg,archerfish,6,179,59,232,0,2019-01-20 10_04.avi,2700
2019-01-20 10_04_2700.jpg,archerfish,52,160,127,212,0,2019-01-20 10_04.avi,2700
2019-01-20 10_04_2710.jpg,archerfish,-7,188,45,240,0,2019-01-20 10_04.avi,2710
2019-01-20 10_04_2710.jpg,archerfish,36,148,110,200,0,2019-01-20 10_04.avi,2710
2019-01-20 10_04_2720.jpg,archerfish,4,183,74,241,0,2019-01-20 10_04.avi,2720
2019-01-20 10_04_2720.jpg,archerfish,46,145,126,191,0,2019-01-20 10_04.avi,2720
2019-01-20 10_04_2730.jpg,archerfish,12,179,82,237,0,2019-01-20 10_04.avi,2730
2019-01-20 10_04_2730.jpg,archerfish,80,147,160,193,0,2019-01-20 10_04.avi,2730
2019-01-20 10_04_2740.jpg,archerfish,40,166,110,224,0,2019-01-20 10_04.avi,2740
2019-01-20 10_04_2740.jpg,archerfish,108,139,188,185,0,2019-01-20 10_04.avi,2740
2019-01-20 10_04_2750.jpg,archerfish,26,233,96,291,0,2019-01-20 10_04.avi,2750
2019-01-20 10_04_2750.jpg,archerfish,450,232,530,278,0,2019-01-20 10_04.avi,2750
2019-01-20 10_04_2760.jpg,archerfish,29,229,99,287,0,2019-01-20 10_04.avi,2760
2019-01-20 10_04_2760.jpg,archerfish,473,230,553,276,0,2019-01-20 10_04.avi,2760
2019-01-20 10_04_2770.jpg,archerfish,31,238,101,296,0,2019-01-20 10_04.avi,2770
2019-01-20 10_04_2770.jpg,archerfish,481,219,561,265,0,2019-01-20 10_04.avi,2770
2019-01-20 10_04_2780.jpg,archerfish,31,238,101,296,0,2019-01-20 10_04.avi,2780
2019-01-20 10_04_2780.jpg,archerfish,495,208,575,254,0,2019-01-20 10_04.avi,2780
2019-01-20 10_04_2790.jpg,archerfish,37,240,107,298,0,2019-01-20 10_04.avi,2790
2019-01-20 10_04_2790.jpg,archerfish,505,201,585,247,0,2019-01-20 10_04.avi,2790
2019-01-20 10_04_2800.jpg,archerfish,40,238,110,296,0,2019-01-20 10_04.avi,2800
2019-01-20 10_04_2800.jpg,archerfish,516,189,596,235,0,2019-01-20 10_04.avi,2800
2019-01-20 10_04_2810.jpg,archerfish,33,230,136,292,0,2019-01-20 10_04.avi,2810
2019-01-20 10_04_2810.jpg,archerfish,525,188,605,234,0,2019-01-20 10_04.avi,2810
2019-01-20 10_04_2820.jpg,archerfish,45,226,147,288,0,2019-01-20 10_04.avi,2820
2019-01-20 10_04_2820.jpg,archerfish,524,186,604,232,0,2019-01-20 10_04.avi,2820
2019-01-20 10_04_2830.jpg,archerfish,72,221,174,283,0,2019-01-20 10_04.avi,2830
2019-01-20 10_04_2830.jpg,archerfish,557,183,637,229,0,2019-01-20 10_04.avi,2830
2019-01-20 10_04_2840.jpg,archerfish,96,200,198,262,0,2019-01-20 10_04.avi,2840
2019-01-20 10_04_2840.jpg,archerfish,583,167,635,222,0,2019-01-20 10_04.avi,2840
2019-01-20 10_04_2850.jpg,archerfish,103,193,188,258,0,2019-01-20 10_04.avi,2850
2019-01-20 10_04_2850.jpg,archerfish,562,146,627,209,0,2019-01-20 10_04.avi,2850
2019-01-20 10_04_2860.jpg,archerfish,101,186,185,254,0,2019-01-20 10_04.avi,2860
2019-01-20 10_04_2860.jpg,archerfish,534,137,626,199,0,2019-01-20 10_04.avi,2860
2019-01-20 10_04_2870.jpg,archerfish,105,181,185,247,0,2019-01-20 10_04.avi,2870
2019-01-20 10_04_2870.jpg,archerfish,513,136,613,194,0,2019-01-20 10_04.avi,2870
2019-01-20 10_04_2880.jpg,archerfish,107,175,187,241,0,2019-01-20 10_04.avi,2880
2019-01-20 10_04_2880.jpg,archerfish,509,135,609,193,0,2019-01-20 10_04.avi,2880
2019-01-20 10_04_2890.jpg,archerfish,103,175,183,241,0,2019-01-20 10_04.avi,2890
2019-01-20 10_04_2890.jpg,archerfish,498,134,598,192,0,2019-01-20 10_04.avi,2890
2019-01-20 10_04_2900.jpg,archerfish,114,168,194,234,0,2019-01-20 10_04.avi,2900
2019-01-20 10_04_2900.jpg,archerfish,493,138,593,196,0,2019-01-20 10_04.avi,2900
2019-01-20 10_04_2910.jpg,archerfish,120,168,200,234,0,2019-01-20 10_04.avi,2910
2019-01-20 10_04_2910.jpg,archerfish,483,145,583,203,0,2019-01-20 10_04.avi,2910
2019-01-20 10_04_2920.jpg,archerfish,118,170,198,236,0,2019-01-20 10_04.avi,2920
2019-01-20 10_04_2920.jpg,archerfish,488,139,588,197,0,2019-01-20 10_04.avi,2920
2019-01-20 10_04_2930.jpg,archerfish,87,158,167,224,0,2019-01-20 10_04.avi,2930
2019-01-20 10_04_2930.jpg,archerfish,488,139,588,197,0,2019-01-20 10_04.avi,2930
2019-01-20 10_04_2940.jpg,archerfish,71,158,151,224,0,2019-01-20 10_04.avi,2940
2019-01-20 10_04_2940.jpg,archerfish,488,139,588,197,0,2019-01-20 10_04.avi,2940
2019-01-20 10_04_2950.jpg,archerfish,22,156,102,222,0,2019-01-20 10_04.avi,2950
2019-01-20 10_04_2950.jpg,archerfish,483,145,583,203,0,2019-01-20 10_04.avi,2950
2019-01-20 10_04_2960.jpg,archerfish,35,160,115,226,0,2019-01-20 10_04.avi,2960
2019-01-20 10_04_2960.jpg,archerfish,475,146,575,204,0,2019-01-20 10_04.avi,2960
2019-01-20 10_04_2970.jpg,archerfish,27,152,107,218,0,2019-01-20 10_04.avi,2970
2019-01-20 10_04_2970.jpg,archerfish,474,144,574,202,0,2019-01-20 10_04.avi,2970
2019-01-20 10_04_2980.jpg,archerfish,21,150,101,216,0,2019-01-20 10_04.avi,2980
2019-01-20 10_04_2980.jpg,archerfish,465,142,565,200,0,2019-01-20 10_04.avi,2980
2019-01-20 10_04_2990.jpg,archerfish,24,153,104,219,0,2019-01-20 10_04.avi,2990
2019-01-20 10_04_2990.jpg,archerfish,465,142,565,200,0,2019-01-20 10_04.avi,2990
2019-01-20 10_04_3000.jpg,archerfish,13,149,93,215,0,2019-01-20 10_04.avi,3000
2019-01-20 10_04_3000.jpg,archerfish,485,142,585,200,0,2019-01-20 10_04.avi,3000
2019-01-20 10_04_3010.jpg,archerfish,27,160,107,226,0,2019-01-20 10_04.avi,3010
2019-01-20 10_04_3010.jpg,archerfish,489,143,589,201,0,2019-01-20 10_04.avi,3010
2019-01-20 10_04_3020.jpg,archerfish,8,153,88,219,0,2019-01-20 10_04.avi,3020
2019-01-20 10_04_3020.jpg,archerfish,503,146,603,204,0,2019-01-20 10_04.avi,3020
2019-01-20 10_04_3030.jpg,archerfish,7,155,87,221,0,2019-01-20 10_04.avi,3030
2019-01-20 10_04_3030.jpg,archerfish,514,141,614,199,0,2019-01-20 10_04.avi,3030
2019-01-20 10_04_3040.jpg,archerfish,1,153,81,219,0,2019-01-20 10_04.avi,3040
2019-01-20 10_04_3040.jpg,archerfish,503,142,603,200,0,2019-01-20 10_04.avi,3040
2019-01-20 10_04_3050.jpg,archerfish,2,154,82,220,0,2019-01-20 10_04.avi,3050
2019-01-20 10_04_3050.jpg,archerfish,491,144,591,202,0,2019-01-20 10_04.avi,3050
2019-01-20 10_04_3060.jpg,archerfish,-18,145,62,211,0,2019-01-20 10_04.avi,3060
2019-01-20 10_04_3060.jpg,archerfish,472,138,572,196,0,2019-01-20 10_04.avi,3060
2019-01-20 10_04_3070.jpg,archerfish,-18,153,62,219,0,2019-01-20 10_04.avi,3070
2019-01-20 10_04_3070.jpg,archerfish,469,141,569,199,0,2019-01-20 10_04.avi,3070
2019-01-20 10_04_3080.jpg,archerfish,-22,148,58,214,0,2019-01-20 10_04.avi,3080
2019-01-20 10_04_3080.jpg,archerfish,456,140,556,198,0,2019-01-20 10_04.avi,3080
2019-01-20 10_04_3090.jpg,archerfish,-16,138,64,204,0,2019-01-20 10_04.avi,3090
2019-01-20 10_04_3090.jpg,archerfish,446,146,546,204,0,2019-01-20 10_04.avi,3090
2019-01-20 10_04_3100.jpg,archerfish,-15,150,65,216,0,2019-01-20 10_04.avi,3100
2019-01-20 10_04_3100.jpg,archerfish,434,162,534,220,0,2019-01-20 10_04.avi,3100
2019-01-20 10_04_3110.jpg,archerfish,-25,160,55,226,0,2019-01-20 10_04.avi,3110
2019-01-20 10_04_3110.jpg,archerfish,448,151,502,203,0,2019-01-20 10_04.avi,3110
2019-01-20 10_04_3120.jpg,archerfish,-25,160,55,226,0,2019-01-20 10_04.avi,3120
2019-01-20 10_04_3120.jpg,archerfish,449,133,530,189,0,2019-01-20 10_04.avi,3120
2019-01-20 10_04_3130.jpg,archerfish,-15,153,65,219,0,2019-01-20 10_04.avi,3130
2019-01-20 10_04_3130.jpg,archerfish,488,130,568,186,0,2019-01-20 10_04.avi,3130
2019-01-20 10_04_3140.jpg,archerfish,-30,155,50,221,0,2019-01-20 10_04.avi,3140
2019-01-20 10_04_3140.jpg,archerfish,536,122,616,178,0,2019-01-20 10_04.avi,3140
2019-01-20 10_04_3150.jpg,archerfish,-35,152,45,218,0,2019-01-20 10_04.avi,3150
2019-01-20 10_04_3150.jpg,archerfish,572,130,625,181,0,2019-01-20 10_04.avi,3150
2019-01-20 10_04_3160.jpg,archerfish,-35,152,45,218,0,2019-01-20 10_04.avi,3160
2019-01-20 10_04_3160.jpg,archerfish,569,135,633,186,0,2019-01-20 10_04.avi,3160
2019-01-20 10_04_3170.jpg,archerfish,-35,152,45,218,0,2019-01-20 10_04.avi,3170
2019-01-20 10_04_3170.jpg,archerfish,570,138,637,191,0,2019-01-20 10_04.avi,3170
2019-01-20 10_04_3180.jpg,archerfish,-23,144,57,210,0,2019-01-20 10_04.avi,3180
2019-01-20 10_04_3180.jpg,archerfish,562,141,628,193,0,2019-01-20 10_04.avi,3180
2019-01-20 10_04_3190.jpg,archerfish,58,162,0,209,0,2019-01-20 10_04.avi,3190
2019-01-20 10_04_3190.jpg,archerfish,543,145,624,198,0,2019-01-20 10_04.avi,3190
2019-01-20 10_04_3200.jpg,archerfish,-14,163,44,209,0,2019-01-20 10_04.avi,3200
2019-01-20 10_04_3200.jpg,archerfish,527,154,607,206,0,2019-01-20 10_04.avi,3200
2019-01-20 10_04_3210.jpg,archerfish,-23,222,35,268,0,2019-01-20 10_04.avi,3210
2019-01-20 10_04_3210.jpg,archerfish,79,191,134,241,0,2019-01-20 10_04.avi,3210
2019-01-20 10_04_3220.jpg,archerfish,-22,222,36,268,0,2019-01-20 10_04.avi,3220
2019-01-20 10_04_3220.jpg,archerfish,77,192,131,242,0,2019-01-20 10_04.avi,3220
2019-01-20 10_04_3230.jpg,archerfish,-22,222,36,268,0,2019-01-20 10_04.avi,3230
2019-01-20 10_04_3230.jpg,archerfish,74,189,128,239,0,2019-01-20 10_04.avi,3230
2019-01-20 10_04_3240.jpg,archerfish,-15,223,43,269,0,2019-01-20 10_04.avi,3240
2019-01-20 10_04_3240.jpg,archerfish,84,190,138,240,0,2019-01-20 10_04.avi,3240
2019-01-20 10_04_3250.jpg,archerfish,-15,223,43,269,0,2019-01-20 10_04.avi,3250
2019-01-20 10_04_3250.jpg,archerfish,84,190,138,240,0,2019-01-20 10_04.avi,3250
2019-01-20 10_04_3260.jpg,archerfish,-15,223,43,269,0,2019-01-20 10_04.avi,3260
2019-01-20 10_04_3260.jpg,archerfish,85,188,139,238,0,2019-01-20 10_04.avi,3260
2019-01-20 10_04_3270.jpg,archerfish,-15,223,43,269,0,2019-01-20 10_04.avi,3270
2019-01-20 10_04_3270.jpg,archerfish,79,183,157,244,0,2019-01-20 10_04.avi,3270
2019-01-20 10_04_3280.jpg,archerfish,-14,223,44,269,0,2019-01-20 10_04.avi,3280
2019-01-20 10_04_3280.jpg,archerfish,100,189,178,249,0,2019-01-20 10_04.avi,3280
2019-01-20 10_04_3290.jpg,archerfish,-2,221,56,267,0,2019-01-20 10_04.avi,3290
2019-01-20 10_04_3290.jpg,archerfish,117,189,195,249,0,2019-01-20 10_04.avi,3290
2019-01-20 10_04_3300.jpg,archerfish,0,208,63,264,0,2019-01-20 10_04.avi,3300
2019-01-20 10_04_3300.jpg,archerfish,137,179,215,239,0,2019-01-20 10_04.avi,3300
2019-01-20 10_04_3310.jpg,archerfish,6,196,68,252,0,2019-01-20 10_04.avi,3310
2019-01-20 10_04_3310.jpg,archerfish,140,172,203,227,0,2019-01-20 10_04.avi,3310
2019-01-20 10_04_3320.jpg,archerfish,14,184,76,240,0,2019-01-20 10_04.avi,3320
2019-01-20 10_04_3320.jpg,archerfish,146,163,208,217,0,2019-01-20 10_04.avi,3320
2019-01-20 10_04_3330.jpg,archerfish,3,186,65,242,0,2019-01-20 10_04.avi,3330
2019-01-20 10_04_3330.jpg,archerfish,129,162,191,216,0,2019-01-20 10_04.avi,3330
2019-01-20 10_04_3340.jpg,archerfish,8,179,70,235,0,2019-01-20 10_04.avi,3340
2019-01-20 10_04_3340.jpg,archerfish,86,158,188,213,0,2019-01-20 10_04.avi,3340
2019-01-20 10_04_3350.jpg,archerfish,0,179,81,235,0,2019-01-20 10_04.avi,3350
2019-01-20 10_04_3350.jpg,archerfish,66,148,168,202,0,2019-01-20 10_04.avi,3350
2019-01-20 10_04_3360.jpg,archerfish,20,172,100,228,0,2019-01-20 10_04.avi,3360
2019-01-20 10_04_3360.jpg,archerfish,52,145,154,199,0,2019-01-20 10_04.avi,3360
2019-01-20 10_04_3370.jpg,archerfish,40,169,120,225,0,2019-01-20 10_04.avi,3370
2019-01-20 10_04_3370.jpg,archerfish,18,145,120,199,0,2019-01-20 10_04.avi,3370
2019-01-20 10_04_3380.jpg,archerfish,52,165,132,221,0,2019-01-20 10_04.avi,3380
2019-01-20 10_04_3380.jpg,archerfish,-10,155,92,209,0,2019-01-20 10_04.avi,3380
2019-01-20 10_04_3390.jpg,archerfish,68,168,148,224,0,2019-01-20 10_04.avi,3390
2019-01-20 10_04_3390.jpg,archerfish,5,161,55,218,0,2019-01-20 10_04.avi,3390
2019-01-20 10_04_3400.jpg,archerfish,69,157,149,213,0,2019-01-20 10_04.avi,3400
2019-01-20 10_04_3400.jpg,archerfish,-11,168,39,224,0,2019-01-20 10_04.avi,3400
2019-01-20 10_04_3410.jpg,archerfish,64,168,144,224,0,2019-01-20 10_04.avi,3410
2019-01-20 10_04_3410.jpg,archerfish,0,181,63,232,0,2019-01-20 10_04.avi,3410
2019-01-20 10_04_3420.jpg,archerfish,74,166,154,222,0,2019-01-20 10_04.avi,3420
2019-01-20 10_04_3420.jpg,archerfish,0,181,79,236,0,2019-01-20 10_04.avi,3420
2019-01-20 10_04_3430.jpg,archerfish,67,164,147,220,0,2019-01-20 10_04.avi,3430
2019-01-20 10_04_3430.jpg,archerfish,-6,185,72,239,0,2019-01-20 10_04.avi,3430
2019-01-20 10_04_3440.jpg,archerfish,71,164,151,220,0,2019-01-20 10_04.avi,3440
2019-01-20 10_04_3440.jpg,archerfish,-5,179,73,233,0,2019-01-20 10_04.avi,3440
2019-01-20 10_04_3450.jpg,archerfish,65,166,145,222,0,2019-01-20 10_04.avi,3450
2019-01-20 10_04_3450.jpg,archerfish,-5,179,73,233,0,2019-01-20 10_04.avi,3450
2019-01-20 10_04_3460.jpg,archerfish,65,166,145,222,0,2019-01-20 10_04.avi,3460
2019-01-20 10_04_3460.jpg,archerfish,-5,179,73,233,0,2019-01-20 10_04.avi,3460
2019-01-20 10_04_3470.jpg,archerfish,65,166,145,222,0,2019-01-20 10_04.avi,3470
2019-01-20 10_04_3470.jpg,archerfish,-5,179,73,233,0,2019-01-20 10_04.avi,3470
2019-01-20 10_04_3480.jpg,archerfish,65,166,145,222,0,2019-01-20 10_04.avi,3480
2019-01-20 10_04_3480.jpg,archerfish,9,181,87,235,0,2019-01-20 10_04.avi,3480
2019-01-20 10_04_3490.jpg,archerfish,72,165,152,221,0,2019-01-20 10_04.avi,3490
2019-01-20 10_04_3490.jpg,archerfish,25,188,73,231,0,2019-01-20 10_04.avi,3490
2019-01-20 10_04_3500.jpg,archerfish,75,167,155,223,0,2019-01-20 10_04.avi,3500
2019-01-20 10_04_3500.jpg,archerfish,32,184,80,226,0,2019-01-20 10_04.avi,3500
2019-01-20 10_04_3510.jpg,archerfish,71,165,151,221,0,2019-01-20 10_04.avi,3510
2019-01-20 10_04_3510.jpg,archerfish,31,184,79,226,0,2019-01-20 10_04.avi,3510
2019-01-20 10_04_3520.jpg,archerfish,71,165,151,221,0,2019-01-20 10_04.avi,3520
2019-01-20 10_04_3520.jpg,archerfish,31,184,79,226,0,2019-01-20 10_04.avi,3520
2019-01-20 10_04_3530.jpg,archerfish,71,165,151,221,0,2019-01-20 10_04.avi,3530
2019-01-20 10_04_3530.jpg,archerfish,18,167,66,209,0,2019-01-20 10_04.avi,3530
2019-01-20 10_04_3540.jpg,archerfish,50,159,130,215,0,2019-01-20 10_04.avi,3540
2019-01-20 10_04_3540.jpg,archerfish,15,142,63,184,0,2019-01-20 10_04.avi,3540
2019-01-20 10_04_3550.jpg,archerfish,30,151,110,207,0,2019-01-20 10_04.avi,3550
2019-01-20 10_04_3550.jpg,archerfish,7,135,55,177,0,2019-01-20 10_04.avi,3550
2019-01-20 10_04_3560.jpg,archerfish,23,144,103,200,0,2019-01-20 10_04.avi,3560
2019-01-20 10_04_3560.jpg,archerfish,11,138,59,180,0,2019-01-20 10_04.avi,3560
2019-01-20 10_04_3570.jpg,archerfish,44,147,124,203,0,2019-01-20 10_04.avi,3570
2019-01-20 10_04_3570.jpg,archerfish,0,137,61,185,0,2019-01-20 10_04.avi,3570
2019-01-20 10_04_3580.jpg,archerfish,67,134,147,190,0,2019-01-20 10_04.avi,3580
2019-01-20 10_04_3580.jpg,archerfish,7,134,67,182,0,2019-01-20 10_04.avi,3580
2019-01-20 10_04_3590.jpg,archerfish,101,141,181,197,0,2019-01-20 10_04.avi,3590
2019-01-20 10_04_3590.jpg,archerfish,16,130,76,178,0,2019-01-20 10_04.avi,3590
2019-01-20 10_04_3600.jpg,archerfish,116,136,196,192,0,2019-01-20 10_04.avi,3600
2019-01-20 10_04_3600.jpg,archerfish,0,131,97,179,0,2019-01-20 10_04.avi,3600
2019-01-20 10_04_3610.jpg,archerfish,116,147,196,203,0,2019-01-20 10_04.avi,3610
2019-01-20 10_04_3610.jpg,archerfish,3,122,99,170,0,2019-01-20 10_04.avi,3610
2019-01-20 10_04_3620.jpg,archerfish,90,147,170,203,0,2019-01-20 10_04.avi,3620
2019-01-20 10_04_3620.jpg,archerfish,25,133,121,181,0,2019-01-20 10_04.avi,3620
2019-01-20 10_04_3630.jpg,archerfish,73,151,153,207,0,2019-01-20 10_04.avi,3630
2019-01-20 10_04_3630.jpg,archerfish,34,124,130,172,0,2019-01-20 10_04.avi,3630
2019-01-20 10_04_3640.jpg,archerfish,56,158,136,214,0,2019-01-20 10_04.avi,3640
2019-01-20 10_04_3640.jpg,archerfish,55,125,151,173,0,2019-01-20 10_04.avi,3640
2019-01-20 10_04_3650.jpg,archerfish,38,162,118,218,0,2019-01-20 10_04.avi,3650
2019-01-20 10_04_3650.jpg,archerfish,71,125,167,173,0,2019-01-20 10_04.avi,3650
2019-01-20 10_04_3660.jpg,archerfish,9,164,125,233,0,2019-01-20 10_04.avi,3660
2019-01-20 10_04_3660.jpg,archerfish,82,134,178,182,0,2019-01-20 10_04.avi,3660
2019-01-20 10_04_3670.jpg,archerfish,11,194,73,242,0,2019-01-20 10_04.avi,3670
2019-01-20 10_04_3670.jpg,archerfish,0,193,70,239,0,2019-01-20 10_04.avi,3670
2019-01-20 10_04_3680.jpg,archerfish,15,197,77,245,0,2019-01-20 10_04.avi,3680
2019-01-20 10_04_3680.jpg,archerfish,337,246,407,292,0,2019-01-20 10_04.avi,3680
2019-01-20 10_04_3690.jpg,archerfish,5,199,67,247,0,2019-01-20 10_04.avi,3690
2019-01-20 10_04_3690.jpg,archerfish,352,234,449,297,0,2019-01-20 10_04.avi,3690
2019-01-20 10_04_3700.jpg,archerfish,14,201,76,249,0,2019-01-20 10_04.avi,3700
2019-01-20 10_04_3700.jpg,archerfish,388,221,484,283,0,2019-01-20 10_04.avi,3700
2019-01-20 10_04_3710.jpg,archerfish,13,195,75,243,0,2019-01-20 10_04.avi,3710
2019-01-20 10_04_3710.jpg,archerfish,424,221,520,283,0,2019-01-20 10_04.avi,3710
2019-01-20 10_04_3720.jpg,archerfish,15,199,77,247,0,2019-01-20 10_04.avi,3720
2019-01-20 10_04_3720.jpg,archerfish,448,214,544,276,0,2019-01-20 10_04.avi,3720
2019-01-20 10_04_3730.jpg,archerfish,16,200,78,248,0,2019-01-20 10_04.avi,3730
2019-01-20 10_04_3730.jpg,archerfish,459,215,555,277,0,2019-01-20 10_04.avi,3730
2019-01-20 10_04_3740.jpg,archerfish,16,200,78,248,0,2019-01-20 10_04.avi,3740
2019-01-20 10_04_3740.jpg,archerfish,477,215,573,277,0,2019-01-20 10_04.avi,3740
2019-01-20 10_04_3750.jpg,archerfish,65,169,127,217,0,2019-01-20 10_04.avi,3750
2019-01-20 10_04_3750.jpg,archerfish,523,187,591,262,0,2019-01-20 10_04.avi,3750
2019-01-20 10_04_3760.jpg,archerfish,84,159,180,212,0,2019-01-20 10_04.avi,3760
2019-01-20 10_04_3760.jpg,archerfish,529,171,601,243,0,2019-01-20 10_04.avi,3760
2019-01-20 10_04_3770.jpg,archerfish,111,154,191,208,0,2019-01-20 10_04.avi,3770
2019-01-20 10_04_3770.jpg,archerfish,510,160,589,227,0,2019-01-20 10_04.avi,3770
2019-01-20 10_04_3780.jpg,archerfish,123,155,205,206,0,2019-01-20 10_04.avi,3780
2019-01-20 10_04_3780.jpg,archerfish,493,152,575,220,0,2019-01-20 10_04.avi,3780
2019-01-20 10_04_3790.jpg,archerfish,137,152,198,200,0,2019-01-20 10_04.avi,3790
2019-01-20 10_04_3790.jpg,archerfish,470,147,578,215,0,2019-01-20 10_04.avi,3790
2019-01-20 10_04_3800.jpg,archerfish,146,144,197,201,0,2019-01-20 10_04.avi,3800
2019-01-20 10_04_3800.jpg,archerfish,467,148,566,215,0,2019-01-20 10_04.avi,3800
2019-01-20 10_04_3810.jpg,archerfish,111,138,203,197,0,2019-01-20 10_04.avi,3810
2019-01-20 10_04_3810.jpg,archerfish,459,145,555,210,0,2019-01-20 10_04.avi,3810
2019-01-20 10_04_3820.jpg,archerfish,75,146,153,195,0,2019-01-20 10_04.avi,3820
2019-01-20 10_04_3820.jpg,archerfish,416,135,509,209,0,2019-01-20 10_04.avi,3820
2019-01-20 10_04_3830.jpg,archerfish,80,147,172,197,0,2019-01-20 10_04.avi,3830
2019-01-20 10_04_3830.jpg,archerfish,373,137,511,210,0,2019-01-20 10_04.avi,3830
2019-01-20 10_04_3840.jpg,archerfish,59,160,156,206,0,2019-01-20 10_04.avi,3840
2019-01-20 10_04_3840.jpg,archerfish,360,144,456,211,0,2019-01-20 10_04.avi,3840
2019-01-20 10_04_3850.jpg,archerfish,1,142,94,208,0,2019-01-20 10_04.avi,3850
2019-01-20 10_04_3850.jpg,archerfish,354,146,426,208,0,2019-01-20 10_04.avi,3850
2019-01-20 10_04_3860.jpg,archerfish,0,168,46,213,0,2019-01-20 10_04.avi,3860
2019-01-20 10_04_3860.jpg,archerfish,341,159,423,212,0,2019-01-20 10_04.avi,3860
2019-01-20 10_04_3870.jpg,archerfish,0,175,53,226,0,2019-01-20 10_04.avi,3870
2019-01-20 10_04_3870.jpg,archerfish,336,155,424,215,0,2019-01-20 10_04.avi,3870
2019-01-20 10_04_3880.jpg,archerfish,0,147,67,204,0,2019-01-20 10_04.avi,3880
2019-01-20 10_04_3880.jpg,archerfish,346,153,406,214,0,2019-01-20 10_04.avi,3880
2019-01-20 10_04_3890.jpg,archerfish,0,145,79,214,0,2019-01-20 10_04.avi,3890
2019-01-20 10_04_3890.jpg,archerfish,351,159,420,220,0,2019-01-20 10_04.avi,3890
2019-01-20 10_04_3900.jpg,archerfish,20,157,115,212,0,2019-01-20 10_04.avi,3900
2019-01-20 10_04_3900.jpg,archerfish,331,161,438,224,0,2019-01-20 10_04.avi,3900
2019-01-20 10_04_3910.jpg,archerfish,78,160,172,214,0,2019-01-20 10_04.avi,3910
2019-01-20 10_04_3910.jpg,archerfish,330,143,405,220,0,2019-01-20 10_04.avi,3910
2019-01-20 10_04_3920.jpg,archerfish,67,148,161,202,0,2019-01-20 10_04.avi,3920
2019-01-20 10_04_3920.jpg,archerfish,333,125,461,197,0,2019-01-20 10_04.avi,3920
2019-01-20 10_04_3930.jpg,archerfish,14,145,94,209,0,2019-01-20 10_04.avi,3930
2019-01-20 10_04_3930.jpg,archerfish,378,130,468,198,0,2019-01-20 10_04.avi,3930
2019-01-20 10_04_3940.jpg,archerfish,7,155,69,204,0,2019-01-20 10_04.avi,3940
2019-01-20 10_04_3940.jpg,archerfish,417,141,481,207,0,2019-01-20 10_04.avi,3940
2019-01-20 10_04_3950.jpg,archerfish,9,165,96,217,0,2019-01-20 10_04.avi,3950
2019-01-20 10_04_3950.jpg,archerfish,424,161,493,221,0,2019-01-20 10_04.avi,3950
2019-01-20 10_04_3960.jpg,archerfish,33,165,98,227,0,2019-01-20 10_04.avi,3960
2019-01-20 10_04_3960.jpg,archerfish,426,184,496,237,0,2019-01-20 10_04.avi,3960
2019-01-20 10_04_3970.jpg,archerfish,8,149,93,203,0,2019-01-20 10_04.avi,3970
2019-01-20 10_04_3970.jpg,archerfish,402,200,492,261,0,2019-01-20 10_04.avi,3970
2019-01-20 10_04_3980.jpg,archerfish,0,149,57,209,0,2019-01-20 10_04.avi,3980
2019-01-20 10_04_3980.jpg,archerfish,383,204,480,265,0,2019-01-20 10_04.avi,3980
2019-01-20 10_04_3990.jpg,archerfish,0,141,54,202,0,2019-01-20 10_04.avi,3990
2019-01-20 10_04_3990.jpg,archerfish,377,209,461,259,0,2019-01-20 10_04.avi,3990
2019-01-20 10_04_4000.jpg,archerfish,0,141,54,202,0,2019-01-20 10_04.avi,4000
2019-01-20 10_04_4000.jpg,archerfish,377,209,461,259,0,2019-01-20 10_04.avi,4000
2019-01-20 10_04_4010.jpg,archerfish,0,141,54,202,0,2019-01-20 10_04.avi,4010
2019-01-20 10_04_4010.jpg,archerfish,377,209,461,259,0,2019-01-20 10_04.avi,4010
2019-01-20 10_04_4020.jpg,archerfish,0,141,54,202,0,2019-01-20 10_04.avi,4020
2019-01-20 10_04_4020.jpg,archerfish,365,207,472,268,0,2019-01-20 10_04.avi,4020
2019-01-20 10_04_4030.jpg,archerfish,0,150,55,213,0,2019-01-20 10_04.avi,4030
2019-01-20 10_04_4030.jpg,archerfish,349,200,439,267,0,2019-01-20 10_04.avi,4030
2019-01-20 10_04_4040.jpg,archerfish,4,150,94,203,0,2019-01-20 10_04.avi,4040
2019-01-20 10_04_4040.jpg,archerfish,323,190,412,255,0,2019-01-20 10_04.avi,4040
2019-01-20 10_04_4050.jpg,archerfish,44,155,150,206,0,2019-01-20 10_04.avi,4050
2019-01-20 10_04_4050.jpg,archerfish,326,180,414,244,0,2019-01-20 10_04.avi,4050
2019-01-20 10_04_4060.jpg,archerfish,85,152,191,202,0,2019-01-20 10_04.avi,4060
2019-01-20 10_04_4060.jpg,archerfish,326,180,414,244,0,2019-01-20 10_04.avi,4060
2019-01-20 10_04_4070.jpg,archerfish,120,145,226,195,0,2019-01-20 10_04.avi,4070
2019-01-20 10_04_4070.jpg,archerfish,337,181,412,252,0,2019-01-20 10_04.avi,4070
2019-01-20 10_04_4080.jpg,archerfish,140,145,200,197,0,2019-01-20 10_04.avi,4080
2019-01-20 10_04_4080.jpg,archerfish,355,191,404,247,0,2019-01-20 10_04.avi,4080
2019-01-20 10_04_4090.jpg,archerfish,90,143,198,193,0,2019-01-20 10_04.avi,4090
2019-01-20 10_04_4090.jpg,archerfish,355,191,404,247,0,2019-01-20 10_04.avi,4090
2019-01-20 10_04_4100.jpg,archerfish,67,143,148,193,0,2019-01-20 10_04.avi,4100
2019-01-20 10_04_4100.jpg,archerfish,355,212,408,269,0,2019-01-20 10_04.avi,4100
2019-01-20 10_04_4110.jpg,archerfish,33,149,128,200,0,2019-01-20 10_04.avi,4110
2019-01-20 10_04_4110.jpg,archerfish,360,217,406,268,0,2019-01-20 10_04.avi,4110
2019-01-20 10_04_4120.jpg,archerfish,15,144,93,194,0,2019-01-20 10_04.avi,4120
2019-01-20 10_04_4120.jpg,archerfish,360,217,406,268,0,2019-01-20 10_04.avi,4120
2019-01-20 10_04_4130.jpg,archerfish,3,235,66,293,0,2019-01-20 10_04.avi,4130
2019-01-20 10_04_4130.jpg,archerfish,8,239,63,294,0,2019-01-20 10_04.avi,4130
2019-01-20 10_04_4140.jpg,archerfish,9,230,67,283,0,2019-01-20 10_04.avi,4140
2019-01-20 10_04_4140.jpg,archerfish,0,226,69,282,0,2019-01-20 10_04.avi,4140
2019-01-20 10_04_4150.jpg,archerfish,4,210,61,266,0,2019-01-20 10_04.avi,4150
2019-01-20 10_04_4150.jpg,archerfish,6,215,61,266,0,2019-01-20 10_04.avi,4150
2019-01-20 10_04_4160.jpg,archerfish,5,200,50,247,0,2019-01-20 10_04.avi,4160
2019-01-20 10_04_4160.jpg,archerfish,18,205,52,242,0,2019-01-20 10_04.avi,4160
2019-01-20 10_04_4170.jpg,archerfish,6,194,60,241,0,2019-01-20 10_04.avi,4170
2019-01-20 10_04_4170.jpg,archerfish,18,205,52,242,0,2019-01-20 10_04.avi,4170
2019-01-20 10_04_4180.jpg,archerfish,0,190,55,246,0,2019-01-20 10_04.avi,4180
2019-01-20 10_04_4180.jpg,archerfish,4,190,55,241,0,2019-01-20 10_04.avi,4180
2019-01-20 10_04_4190.jpg,archerfish,1,190,69,248,0,2019-01-20 10_04.avi,4190
2019-01-20 10_04_4190.jpg,archerfish,0,192,66,245,0,2019-01-20 10_04.avi,4190
2019-01-20 10_04_4200.jpg,archerfish,0,199,59,258,0,2019-01-20 10_04.avi,4200
2019-01-20 10_04_4200.jpg,archerfish,0,207,57,260,0,2019-01-20 10_04.avi,4200
2019-01-20 10_04_4210.jpg,archerfish,0,173,71,223,0,2019-01-20 10_04.avi,4210
2019-01-20 10_04_4210.jpg,archerfish,5,209,86,261,0,2019-01-20 10_04.avi,4210
2019-01-20 10_04_4220.jpg,archerfish,9,172,117,223,0,2019-01-20 10_04.avi,4220
2019-01-20 10_04_4220.jpg,archerfish,5,209,86,261,0,2019-01-20 10_04.avi,4220
2019-01-20 10_04_4230.jpg,archerfish,52,174,125,224,0,2019-01-20 10_04.avi,4230
2019-01-20 10_04_4230.jpg,archerfish,5,209,86,261,0,2019-01-20 10_04.avi,4230
2019-01-20 10_04_4240.jpg,archerfish,55,167,128,219,0,2019-01-20 10_04.avi,4240
2019-01-20 10_04_4240.jpg,archerfish,5,209,86,261,0,2019-01-20 10_04.avi,4240
2019-01-20 10_04_4250.jpg,archerfish,32,155,127,209,0,2019-01-20 10_04.avi,4250
2019-01-20 10_04_4250.jpg,archerfish,8,199,88,251,0,2019-01-20 10_04.avi,4250
2019-01-20 10_04_4260.jpg,archerfish,1,154,95,208,0,2019-01-20 10_04.avi,4260
2019-01-20 10_04_4260.jpg,archerfish,14,198,94,250,0,2019-01-20 10_04.avi,4260
2019-01-20 10_04_4270.jpg,archerfish,-18,154,76,208,0,2019-01-20 10_04.avi,4270
2019-01-20 10_04_4270.jpg,archerfish,31,188,111,240,0,2019-01-20 10_04.avi,4270
2019-01-20 10_04_4280.jpg,archerfish,-32,163,62,217,0,2019-01-20 10_04.avi,4280
2019-01-20 10_04_4280.jpg,archerfish,55,186,135,238,0,2019-01-20 10_04.avi,4280
2019-01-20 10_04_4290.jpg,archerfish,22,163,116,217,0,2019-01-20 10_04.avi,4290
2019-01-20 10_04_4290.jpg,archerfish,95,182,175,234,0,2019-01-20 10_04.avi,4290
2019-01-20 10_04_4300.jpg,archerfish,83,162,177,216,0,2019-01-20 10_04.avi,4300
2019-01-20 10_04_4300.jpg,archerfish,129,189,188,231,0,2019-01-20 10_04.avi,4300
2019-01-20 10_04_4310.jpg,archerfish,122,155,216,209,0,2019-01-20 10_04.avi,4310
2019-01-20 10_04_4310.jpg,archerfish,129,189,188,231,0,2019-01-20 10_04.avi,4310
2019-01-20 10_04_4320.jpg,archerfish,148,144,242,198,0,2019-01-20 10_04.avi,4320
2019-01-20 10_04_4320.jpg,archerfish,144,194,202,236,0,2019-01-20 10_04.avi,4320
2019-01-20 10_04_4330.jpg,archerfish,163,144,257,198,0,2019-01-20 10_04.avi,4330
2019-01-20 10_04_4330.jpg,archerfish,128,193,198,239,0,2019-01-20 10_04.avi,4330
2019-01-20 10_04_4340.jpg,archerfish,166,133,260,187,0,2019-01-20 10_04.avi,4340
2019-01-20 10_04_4340.jpg,archerfish,128,193,198,239,0,2019-01-20 10_04.avi,4340
2019-01-20 10_04_4350.jpg,archerfish,102,125,223,189,0,2019-01-20 10_04.avi,4350
2019-01-20 10_04_4350.jpg,archerfish,128,193,198,239,0,2019-01-20 10_04.avi,4350
2019-01-20 10_04_4360.jpg,archerfish,54,137,159,200,0,2019-01-20 10_04.avi,4360
2019-01-20 10_04_4360.jpg,archerfish,128,193,198,239,0,2019-01-20 10_04.avi,4360
2019-01-20 10_04_4370.jpg,archerfish,40,153,108,208,0,2019-01-20 10_04.avi,4370
2019-01-20 10_04_4370.jpg,archerfish,121,197,191,243,0,2019-01-20 10_04.avi,4370
2019-01-20 10_04_4380.jpg,archerfish,20,155,88,209,0,2019-01-20 10_04.avi,4380
2019-01-20 10_04_4380.jpg,archerfish,121,197,191,243,0,2019-01-20 10_04.avi,4380
2019-01-20 10_04_4390.jpg,archerfish,35,167,103,221,0,2019-01-20 10_04.avi,4390
2019-01-20 10_04_4390.jpg,archerfish,121,197,191,243,0,2019-01-20 10_04.avi,4390
2019-01-20 10_04_4400.jpg,archerfish,41,175,109,229,0,2019-01-20 10_04.avi,4400
2019-01-20 10_04_4400.jpg,archerfish,121,197,191,243,0,2019-01-20 10_04.avi,4400
2019-01-20 10_04_4410.jpg,archerfish,42,181,110,235,0,2019-01-20 10_04.avi,4410
2019-01-20 10_04_4410.jpg,archerfish,121,197,191,243,0,2019-01-20 10_04.avi,4410
2019-01-20 10_04_4420.jpg,archerfish,31,174,118,235,0,2019-01-20 10_04.avi,4420
2019-01-20 10_04_4420.jpg,archerfish,121,197,191,243,0,2019-01-20 10_04.avi,4420
2019-01-20 10_04_4430.jpg,archerfish,24,166,110,226,0,2019-01-20 10_04.avi,4430
2019-01-20 10_04_4430.jpg,archerfish,121,197,191,243,0,2019-01-20 10_04.avi,4430
2019-01-20 10_04_4440.jpg,archerfish,6,161,92,221,0,2019-01-20 10_04.avi,4440
2019-01-20 10_04_4440.jpg,archerfish,128,197,198,243,0,2019-01-20 10_04.avi,4440
2019-01-20 10_04_4450.jpg,archerfish,3,168,89,228,0,2019-01-20 10_04.avi,4450
2019-01-20 10_04_4450.jpg,archerfish,150,200,189,240,0,2019-01-20 10_04.avi,4450
2019-01-20 10_04_4460.jpg,archerfish,3,168,89,228,0,2019-01-20 10_04.avi,4460
2019-01-20 10_04_4460.jpg,archerfish,150,200,189,240,0,2019-01-20 10_04.avi,4460
2019-01-20 10_04_4470.jpg,archerfish,-8,183,78,243,0,2019-01-20 10_04.avi,4470
2019-01-20 10_04_4470.jpg,archerfish,137,194,215,243,0,2019-01-20 10_04.avi,4470
2019-01-20 10_04_4480.jpg,archerfish,9,197,95,257,0,2019-01-20 10_04.avi,4480
2019-01-20 10_04_4480.jpg,archerfish,106,183,184,231,0,2019-01-20 10_04.avi,4480
2019-01-20 10_04_4490.jpg,archerfish,9,199,95,259,0,2019-01-20 10_04.avi,4490
2019-01-20 10_04_4490.jpg,archerfish,66,169,144,217,0,2019-01-20 10_04.avi,4490
2019-01-20 10_04_4500.jpg,archerfish,14,193,100,253,0,2019-01-20 10_04.avi,4500
2019-01-20 10_04_4500.jpg,archerfish,42,172,120,220,0,2019-01-20 10_04.avi,4500
2019-01-20 10_04_4510.jpg,archerfish,26,195,112,255,0,2019-01-20 10_04.avi,4510
2019-01-20 10_04_4510.jpg,archerfish,5,171,83,219,0,2019-01-20 10_04.avi,4510
2019-01-20 10_04_4520.jpg,archerfish,37,197,123,257,0,2019-01-20 10_04.avi,4520
2019-01-20 10_04_4520.jpg,archerfish,-20,174,58,222,0,2019-01-20 10_04.avi,4520
2019-01-20 10_04_4530.jpg,archerfish,50,192,136,252,0,2019-01-20 10_04.avi,4530
2019-01-20 10_04_4530.jpg,archerfish,-39,184,39,232,0,2019-01-20 10_04.avi,4530
2019-01-20 10_04_4540.jpg,archerfish,52,189,138,249,0,2019-01-20 10_04.avi,4540
2019-01-20 10_04_4540.jpg,archerfish,56,195,134,243,0,2019-01-20 10_04.avi,4540
2019-01-20 10_04_4550.jpg,archerfish,77,173,163,233,0,2019-01-20 10_04.avi,4550
2019-01-20 10_04_4550.jpg,archerfish,81,179,159,227,0,2019-01-20 10_04.avi,4550
2019-01-20 10_04_4560.jpg,archerfish,101,164,187,224,0,2019-01-20 10_04.avi,4560
2019-01-20 10_04_4560.jpg,archerfish,105,170,183,218,0,2019-01-20 10_04.avi,4560
2019-01-20 10_04_4570.jpg,archerfish,-37,198,49,258,0,2019-01-20 10_04.avi,4570
2019-01-20 10_04_4570.jpg,archerfish,100,155,205,215,0,2019-01-20 10_04.avi,4570
